ds,y,customers,open_store_count,promo_store_share,school_holiday_share,state_holiday_share,day_of_week,month_name,week_of_year,rolling_7d_sales,rolling_30d_sales
2013-01-01,97235,19491,17,0.0,1.0,1.0,Tuesday,January,1,97235.0,97235.0
2013-01-02,6949829,834075,1111,0.0,1.0,0.0,Wednesday,January,1,3523532.0,3523532.0
2013-01-03,6347820,761040,1109,0.0,0.9327354260089686,0.0,Thursday,January,1,4464961.333333333,4464961.333333333
2013-01-04,6638954,782137,1108,0.0,0.9327354260089686,0.0,Friday,January,1,5008459.5,5008459.5
2013-01-05,5951593,687472,1107,0.0,0.10044843049327354,0.0,Saturday,January,1,5197086.2,5197086.2
2013-01-06,143904,26387,19,0.0,0.10044843049327354,0.2771300448430493,Sunday,January,1,4354889.166666667,4354889.166666667
2013-01-07,10826848,1058495,1106,1.0,0.10044843049327354,0.0,Monday,January,2,5279454.714285715,5279454.714285715
2013-01-08,8749437,904564,1105,1.0,0.10044843049327354,0.0,Tuesday,January,2,6515483.571428572,5713202.5
2013-01-09,7746603,816709,1105,1.0,0.10044843049327354,0.0,Wednesday,January,2,6629308.428571428,5939135.888888889
2013-01-10,7751485,844384,1105,1.0,0.10044843049327354,0.0,Thursday,January,2,6829832.0,6120370.8
2013-01-11,8039306,877397,1105,1.0,0.10044843049327354,0.0,Friday,January,2,7029882.285714285,6294819.454545454
2013-01-12,6017491,697757,1105,0.0,0.0,0.0,Saturday,January,2,7039296.285714285,6271708.75
2013-01-13,144052,27044,18,0.0,0.0,0.0,Sunday,January,2,7039317.428571428,5800350.538461538
2013-01-14,5886788,734601,1105,0.0,0.0,0.0,Monday,January,3,6333594.571428572,5806524.642857143
2013-01-15,5512591,690047,1105,0.0,0.0,0.0,Tuesday,January,3,5871188.0,5786929.066666666
2013-01-16,5293020,660412,1105,0.0,0.0,0.0,Wednesday,January,3,5520676.142857143,5756059.75
2013-01-17,5386564,673066,1107,0.0,0.0,0.0,Thursday,January,3,5182830.285714285,5734324.705882353
2013-01-18,6137010,740203,1106,0.0,0.0,0.0,Friday,January,3,4911073.714285715,5756696.111111111
2013-01-19,6010192,679374,1107,0.0,0.0,0.0,Saturday,January,3,4910031.0,5770038.0
2013-01-20,151600,28040,19,0.0,0.0,0.0,Sunday,January,3,4911109.285714285,5489116.1
2013-01-21,8761074,884062,1107,1.0,0.0,0.0,Monday,January,4,5321721.571428572,5644923.619047619
2013-01-22,8320289,868642,1107,1.0,0.0,0.0,Tuesday,January,4,5722821.285714285,5766531.136363637
2013-01-23,7746563,821843,1107,1.0,0.0,0.0,Wednesday,January,4,6073327.428571428,5852619.478260869
2013-01-24,7439836,811738,1108,1.0,0.0,0.0,Thursday,January,4,6366652.0,5918753.5
2013-01-25,7780789,847691,1108,1.0,0.0,0.0,Friday,January,4,6601477.571428572,5993234.92
2013-01-26,5848770,667571,1108,0.0,0.0,0.0,Saturday,January,4,6578417.285714285,5987678.576923077
2013-01-27,142848,27286,20,0.0,0.0,0.0,Sunday,January,4,6577167.0,5771203.37037037
2013-01-28,5878702,736906,1107,0.0,0.0,0.0,Monday,January,5,6165399.571428572,5775042.607142857
2013-01-29,5452668,670523,1107,0.0,0.0,0.0,Tuesday,January,5,5755739.428571428,5763926.24137931
2013-01-30,5909779,699110,1108,0.0,0.0,0.0,Wednesday,January,5,5493341.714285715,5768788.0
2013-01-31,7068567,802356,1108,0.0,0.019730941704035873,0.0,Thursday,January,5,5440303.285714285,6001165.733333333
2013-02-01,7203007,821946,1109,0.0,0.09506726457399103,0.0,Friday,February,5,5357763.0,6009605.0
2013-02-02,6781741,746460,1109,0.0,0.0,0.0,Saturday,February,5,5491044.571428572,6024069.033333333
2013-02-03,171565,30349,19,0.0,0.0,0.0,Sunday,February,5,5495147.0,5808489.4
2013-02-04,10333651,1018386,1109,1.0,0.2,0.0,Monday,February,6,6131568.285714285,5954558.0
2013-02-05,8841604,911976,1109,1.0,0.2,0.0,Tuesday,February,6,6615702.0,6244481.333333333
2013-02-06,8094803,868206,1109,1.0,0.2,0.0,Wednesday,February,6,6927848.285714285,6153413.166666667
2013-02-07,7430076,821626,1108,1.0,0.2,0.0,Thursday,February,6,6979492.428571428,6109434.466666667
2013-02-08,7968566,867065,1109,1.0,0.2,0.0,Friday,February,6,7088858.0,6116833.233333333
2013-02-09,6161019,707682,1109,0.0,0.0,0.0,Saturday,February,6,7000183.428571428,6063817.7
2013-02-10,172564,31698,18,0.0,0.0,0.0,Sunday,February,6,7000326.142857143,5801592.966666667
2013-02-11,5517060,679056,1076,0.0,0.22869955156950672,0.0,Monday,February,7,6312241.714285715,5784911.933333334
2013-02-12,5563503,689894,1106,0.0,0.22869955156950672,0.0,Tuesday,February,7,5843941.571428572,5965560.3
2013-02-13,6175147,754477,1109,0.0,0.22869955156950672,0.0,Wednesday,February,7,5569705.0,5975172.266666667
2013-02-14,6422292,779567,1109,0.0,0.22869955156950672,0.0,Thursday,February,7,5425735.857142857,6005495.633333334
2013-02-15,6255053,747284,1110,0.0,0.22869955156950672,0.0,Friday,February,7,5180948.285714285,6037563.4
2013-02-16,6162142,704367,1110,0.0,0.0,0.0,Saturday,February,7,5181108.714285715,6063416.0
2013-02-17,174467,31943,19,0.0,0.0,0.0,Sunday,February,7,5181380.571428572,5864664.566666666
2013-02-18,10703641,1055106,1111,1.0,0.03228699551569507,0.0,Monday,February,8,5922320.714285715,6021112.866666666
2013-02-19,7988672,832307,1111,1.0,0.03228699551569507,0.0,Tuesday,February,8,6268773.428571428,6282348.6
2013-02-20,7759768,829354,1111,1.0,0.03228699551569507,0.0,Wednesday,February,8,6495147.857142857,6248971.733333333
2013-02-21,7611880,824817,1111,1.0,0.03228699551569507,0.0,Thursday,February,8,6665089.0,6225358.1
2013-02-22,7840974,847496,1112,1.0,0.03228699551569507,0.0,Friday,February,8,6891649.142857143,6228505.133333334
2013-02-23,5637945,650724,1112,0.0,0.0,0.0,Saturday,February,8,6816763.857142857,6168442.1
2013-02-24,159057,30107,20,0.0,0.0,0.0,Sunday,February,8,6814562.428571428,5914384.366666666
2013-02-25,5615365,711387,1112,0.0,0.0,0.0,Monday,February,9,6087665.857142857,5906604.2
2013-02-26,5671238,709154,1112,0.0,0.0,0.0,Tuesday,February,9,5756603.857142857,6090883.866666666
2013-02-27,6008503,722458,1112,0.0,0.0,0.0,Wednesday,February,9,5506423.142857143,6095210.566666666
2013-02-28,7108972,819576,1112,0.0,0.0,0.0,Thursday,February,9,5434579.142857143,6150420.7
2013-03-01,7244231,839658,1112,0.0,0.0,0.0,Friday,March,9,5349330.142857143,6194902.433333334
2013-03-02,6779350,762452,1112,0.0,0.0,0.0,Saturday,March,9,5512388.0,6185261.866666666
2013-03-03,195229,34977,21,0.0,0.0,0.0,Sunday,March,9,5517555.428571428,5951669.266666667
2013-03-04,11072682,1097894,1111,1.0,0.025112107623318385,0.0,Monday,March,10,6297172.142857143,6094700.633333334
2013-03-05,8943536,944806,1109,1.0,0.025112107623318385,0.0,Tuesday,March,10,6764643.285714285,6387099.666666667
2013-03-06,8062941,877406,1109,1.0,0.025112107623318385,0.0,Wednesday,March,10,7058134.428571428,6311409.333333333
2013-03-07,7981811,877268,1109,1.0,0.025112107623318385,0.0,Thursday,March,10,7182825.714285715,6282749.566666666
2013-03-08,8118153,894141,1109,1.0,0.025112107623318385,0.0,Friday,March,10,7307671.714285715,6283527.9
2013-03-09,6061383,695319,1109,0.0,0.0,0.0,Saturday,March,10,7205105.0,6237904.8
2013-03-10,164917,29963,21,0.0,0.0,0.0,Sunday,March,10,7200774.714285715,5977783.166666667
2013-03-11,6194538,744922,1109,0.0,0.025112107623318385,0.0,Monday,March,11,6503897.0,5978900.466666667
2013-03-12,5338418,660813,1109,0.0,0.025112107623318385,0.0,Tuesday,March,11,5988880.142857143,6151095.6
2013-03-13,5830737,711036,1109,0.0,0.025112107623318385,0.0,Wednesday,March,11,5669993.857142857,6161551.5
2013-03-14,6098093,738971,1109,0.0,0.025112107623318385,0.0,Thursday,March,11,5400891.285714285,6179371.166666667
2013-03-15,6783348,798499,1109,0.0,0.025112107623318385,0.0,Friday,March,11,5210204.857142857,6199644.533333333
2013-03-16,6459058,733085,1110,0.0,0.0,0.0,Saturday,March,11,5267015.571428572,6200870.066666666
2013-03-17,193072,34420,24,0.0,0.0,0.0,Sunday,March,11,5271037.714285715,5998804.033333333
2013-03-18,10078195,999770,1111,1.0,0.019730941704035873,0.0,Monday,March,12,5825845.857142857,6129339.133333334
2013-03-19,8528292,887823,1111,1.0,0.019730941704035873,0.0,Tuesday,March,12,6281542.142857143,6407799.966666667
2013-03-20,7728892,820715,1111,1.0,0.05560538116591928,0.0,Wednesday,March,12,6552707.142857143,6308641.666666667
2013-03-21,7897067,861321,1111,1.0,0.05560538116591928,0.0,Thursday,March,12,6809703.428571428,6305588.166666667
2013-03-22,8245992,901334,1111,1.0,0.05560538116591928,0.0,Friday,March,12,7018652.571428572,6321795.633333334
2013-03-23,6337911,713493,1111,0.0,0.019730941704035873,0.0,Saturday,March,12,7001345.857142857,6279330.0
2013-03-24,191036,34607,28,0.0,0.019730941704035873,0.0,Sunday,March,12,7001055.0,6024332.066666666
2013-03-25,10482556,1044999,1110,1.0,0.9076233183856502,0.0,Monday,March,13,7058820.857142857,6185819.1
2013-03-26,9305505,964981,1110,1.0,0.9076233183856502,0.0,Tuesday,March,13,7169851.285714285,6490700.7
2013-03-27,9674698,1001042,1110,1.0,0.9076233183856502,0.0,Wednesday,March,13,7447823.571428572,6626011.8
2013-03-28,11417987,1177111,1110,1.0,0.9076233183856502,0.0,Thursday,March,13,7950812.142857143,6817570.1
2013-03-29,213921,35775,16,1.0,0.9748878923766816,1.0,Friday,March,13,6803373.428571428,6624417.366666666
2013-03-30,9380402,1020089,1111,0.0,0.0,0.0,Saturday,March,13,7238015.0,6700131.7
2013-03-31,176418,30772,30,0.0,0.0,0.0,Sunday,March,13,7235926.714285715,6464537.933333334
2013-04-01,241076,41594,31,0.0,0.9246636771300448,1.0,Monday,April,14,5772858.142857143,6246595.466666667
2013-04-02,7362049,894066,1109,0.0,0.9246636771300448,0.0,Tuesday,April,14,5495221.571428572,6485489.466666667
2013-04-03,6406442,778768,1109,0.0,0.9049327354260089,0.0,Wednesday,April,14,5028327.857142857,6329948.133333334
2013-04-04,6496112,789540,1109,0.0,0.9049327354260089,0.0,Thursday,April,14,4325202.857142857,6248367.333333333
2013-04-05,6622062,788012,1109,0.0,0.9049327354260089,0.0,Friday,April,14,5240651.571428572,6200338.033333333
2013-04-06,6171054,714351,1109,0.0,0.0,0.0,Saturday,April,14,4782173.285714285,6139979.466666667
2013-04-07,189097,35217,31,0.0,0.0,0.0,Sunday,April,14,4783984.571428572,5875677.6
2013-04-08,10115602,1031717,1108,1.0,0.1031390134529148,0.0,Monday,April,15,6194631.142857143,6010818.233333333
2013-04-09,8418477,894836,1108,1.0,0.1031390134529148,0.0,Tuesday,April,15,6345549.428571428,6285936.9
2013-04-10,7698779,830819,1109,1.0,0.0,0.0,Wednesday,April,15,6530169.0,6336078.266666667
2013-04-11,7580421,841356,1108,1.0,0.0,0.0,Thursday,April,15,6685070.285714285,6410811.7
2013-04-12,8056347,890127,1109,1.0,0.0,0.0,Friday,April,15,6889968.142857143,6484998.7
2013-04-13,6024315,711341,1109,0.0,0.0,0.0,Saturday,April,15,6869005.428571428,6482539.433333334
2013-04-14,182641,35242,31,0.0,0.0,0.0,Sunday,April,15,6868083.142857143,6262515.866666666
2013-04-15,5711125,742981,1109,0.0,0.0,0.0,Monday,April,16,6238872.142857143,6237584.766666667
2013-04-16,5668517,729645,1109,0.0,0.0,0.0,Tuesday,April,16,5846020.714285715,6420099.6
2013-04-17,5556697,713577,1109,0.0,0.0,0.0,Wednesday,April,16,5540009.0,6269383.0
2013-04-18,5726233,730564,1109,0.0,0.0,0.0,Thursday,April,16,5275125.0,6175981.033333333
2013-04-19,6349901,773215,1109,0.0,0.0,0.0,Friday,April,16,5031347.0,6130014.666666667
2013-04-20,6006147,700925,1109,0.0,0.0,0.0,Saturday,April,16,5028751.571428572,6066984.0
2013-04-21,188406,34839,30,0.0,0.0,0.0,Sunday,April,16,5029575.142857143,5798397.8
2013-04-22,9542000,988277,1109,1.0,0.0,0.0,Monday,April,17,5576843.0,5905200.766666667
2013-04-23,8047511,873417,1109,1.0,0.0,0.0,Tuesday,April,17,5916699.285714285,6167083.266666667
2013-04-24,7177730,810410,1109,1.0,0.0,0.0,Wednesday,April,17,6148275.428571428,6056922.4
2013-04-25,7121467,818307,1110,1.0,0.0,0.0,Thursday,April,17,6347594.571428572,5984121.133333334
2013-04-26,7652433,843014,1110,1.0,0.0,0.0,Friday,April,17,6533670.571428572,5916712.3
2013-04-27,6308284,713490,1109,0.0,0.0,0.0,Saturday,April,17,6576833.0,5746388.866666666
2013-04-28,205232,37232,31,0.0,0.0,0.0,Sunday,April,17,6579236.714285715,5746099.233333333
2013-04-29,10040182,1011283,1110,1.0,0.0,0.0,Monday,April,18,6650405.571428572,5768091.9
2013-04-30,10565093,1084203,1110,1.0,0.0,0.0,Tuesday,April,18,7010060.142857143,6114381.066666666
2013-05-01,200972,34845,18,1.0,0.0,1.0,Wednesday,May,18,6013380.428571428,6113044.266666667
2013-05-02,9884371,1046612,1111,1.0,0.025112107623318385,0.0,Thursday,May,18,6408081.0,6197121.666666667
2013-05-03,8967338,975031,1111,1.0,0.025112107623318385,0.0,Friday,May,18,6595924.571428572,6282484.866666666
2013-05-04,6487719,752844,1111,0.0,0.0,0.0,Saturday,May,18,6621558.142857143,6282205.1
2013-05-05,200337,38101,32,0.0,0.0,0.0,Sunday,May,18,6620858.857142857,6068147.6
2013-05-06,6884920,839634,1110,0.0,0.025112107623318385,0.0,Monday,May,19,6170107.142857143,6091943.133333334
2013-05-07,6697752,802206,1111,0.0,0.025112107623318385,0.0,Tuesday,May,19,5617629.857142857,6308898.3
2013-05-08,7693180,918105,1111,0.0,0.025112107623318385,0.0,Wednesday,May,19,6687945.285714285,6228150.9
2013-05-09,233215,41089,30,0.0,0.025112107623318385,1.0,Thursday,May,19,5309208.714285715,5955308.833333333
2013-05-10,8481406,970014,1111,0.0,0.38026905829596414,0.0,Friday,May,19,5239789.857142857,5981396.4
2013-05-11,6658662,770286,1112,0.0,0.0,0.0,Saturday,May,19,5264210.285714285,5950671.1
2013-05-12,215592,38757,31,0.0,0.0,0.0,Sunday,May,19,5266389.571428572,5689312.6
2013-05-13,9826496,1005960,1112,1.0,0.05022421524663677,0.0,Monday,May,20,5686614.714285715,5816051.966666667
2013-05-14,8662237,925698,1112,1.0,0.05022421524663677,0.0,Tuesday,May,20,5967255.428571428,6098705.166666667
2013-05-15,7767784,852041,1112,1.0,0.05022421524663677,0.0,Wednesday,May,20,5977913.142857143,6167260.466666667
2013-05-16,7884887,869585,1112,1.0,0.05022421524663677,0.0,Thursday,May,20,7071009.142857143,6241139.466666667
2013-05-17,8225841,906276,1112,1.0,0.05022421524663677,0.0,Friday,May,20,7034499.857142857,6330110.933333334
2013-05-18,6410461,739439,1112,0.0,0.0,0.0,Saturday,May,20,6999042.571428572,6352918.533333333
2013-05-19,226808,40462,31,0.0,0.0,0.0,Sunday,May,20,7000644.857142857,6148815.433333334
2013-05-20,253936,44288,33,0.0,0.06726457399103139,1.0,Monday,May,21,5633136.285714285,5957075.066666666
2013-05-21,7204456,865862,1111,0.0,0.6529147982062781,0.0,Tuesday,May,21,5424881.857142857,6190943.4
2013-05-22,6085235,728918,1112,0.0,0.29417040358744395,0.0,Wednesday,May,21,5184517.714285715,6075717.9
2013-05-23,6209485,756187,1112,0.0,0.22690582959641256,0.0,Thursday,May,21,4945174.571428572,6014450.366666666
2013-05-24,6483138,783354,1112,0.0,0.22690582959641256,0.0,Friday,May,21,4696217.0,5991297.3
2013-05-25,5806559,671302,1112,0.0,0.0,0.0,Saturday,May,21,4609945.285714285,5947467.033333333
2013-05-26,201681,36076,31,0.0,0.0,0.0,Sunday,May,21,4606355.714285715,5699108.633333334
2013-05-27,9944524,998972,1112,1.0,0.22690582959641256,0.0,Monday,May,22,5990725.428571428,5820316.633333334
2013-05-28,8390312,888040,1112,1.0,0.22690582959641256,0.0,Tuesday,May,22,6160133.428571428,6093152.633333334
2013-05-29,8885059,908773,1112,1.0,0.22690582959641256,0.0,Wednesday,May,22,6560108.285714285,6054648.533333333
2013-05-30,3422824,393933,429,1.0,0.22690582959641256,0.6869955156950672,Thursday,May,22,6162013.857142857,5816572.9
2013-05-31,10913876,1081196,1112,1.0,0.22690582959641256,0.0,Friday,May,22,6794976.428571428,6173669.7
2013-06-01,6907750,764268,1112,0.0,0.0,0.0,Saturday,June,22,6952289.428571428,6074449.0
2013-06-02,238144,41220,32,0.0,0.0,0.0,Sunday,June,22,6957498.428571428,5783475.866666666
2013-06-03,10144989,1031251,1111,1.0,0.0,0.0,Monday,June,23,6986136.285714285,5905384.866666666
2013-06-04,8526834,914107,1112,1.0,0.0,0.0,Tuesday,June,23,7005639.428571428,6182934.766666667
2013-06-05,7683188,849201,1110,1.0,0.0,0.0,Wednesday,June,23,6833943.571428572,6209543.7
2013-06-06,7646668,860253,1109,1.0,0.0,0.0,Thursday,June,23,7437349.857142857,6241174.233333333
2013-06-07,7967656,890566,1109,1.0,0.0,0.0,Friday,June,23,7016461.285714285,6250323.433333334
2013-06-08,5993792,703254,1110,0.0,0.0,0.0,Saturday,June,23,6885895.857142857,6442342.666666667
2013-06-09,226250,39873,31,0.0,0.0,0.0,Sunday,June,23,6884196.714285715,6167170.8
2013-06-10,6667460,806250,1111,0.0,0.0,0.0,Monday,June,24,6387406.857142857,6167464.066666666
2013-06-11,6201425,761268,1111,0.0,0.0,0.0,Tuesday,June,24,6055205.571428572,6366991.833333333
2013-06-12,5961024,733378,1111,0.0,0.0,0.0,Wednesday,June,24,5809182.142857143,6238142.766666667
2013-06-13,6044207,739896,1111,0.0,0.0,0.0,Thursday,June,24,5580259.142857143,6150875.1
2013-06-14,6887448,810875,1111,0.0,0.0,0.0,Friday,June,24,5425943.714285715,6121530.566666666
2013-06-15,6144832,704128,1111,0.0,0.0,0.0,Saturday,June,24,5447520.857142857,6063528.733333333
2013-06-16,225065,40388,31,0.0,0.0,0.0,Sunday,June,24,5447351.571428572,5796836.2
2013-06-17,10191372,1024967,1113,1.0,0.0,0.0,Monday,June,25,5950767.571428572,5922866.566666666
2013-06-18,8100286,873421,1113,1.0,0.0,0.0,Tuesday,June,25,6222033.428571428,6185315.833333333
2013-06-19,7243757,801809,1113,1.0,0.08251121076233184,0.0,Wednesday,June,25,6405281.0,6418309.866666666
2013-06-20,7353311,807747,1113,1.0,0.10762331838565023,0.0,Thursday,June,25,6592295.857142857,6423271.7
2013-06-21,8406280,909465,1112,1.0,0.10762331838565023,0.0,Friday,June,25,6809271.857142857,6500639.866666666
2013-06-22,6189413,710334,1112,0.0,0.0,0.0,Saturday,June,25,6815640.571428572,6499970.8
2013-06-23,224608,39661,31,0.0,0.0,0.0,Sunday,June,25,6815575.285714285,6291353.133333334
2013-06-24,6511212,791714,1112,0.0,0.21076233183856502,0.0,Monday,June,26,6289838.142857143,6314841.566666666
2013-06-25,5827831,714211,1112,0.0,0.21076233183856502,0.0,Tuesday,June,26,5965201.714285715,6502379.9
2013-06-26,6028195,730467,1112,0.0,0.21076233183856502,0.0,Wednesday,June,26,5791550.0,6371835.6
2013-06-27,6372971,750668,1112,0.0,0.2304932735426009,0.0,Thursday,June,26,5651501.428571428,6304590.9
2013-06-28,7625077,841770,1112,0.0,0.2304932735426009,0.0,Friday,June,26,5539901.0,6262591.5
2013-06-29,6909121,744871,1111,0.0,0.0,0.0,Saturday,June,26,5642716.428571428,6378801.4
2013-06-30,252185,41765,31,0.0,0.0,0.0,Sunday,June,26,5646656.0,6023411.7
2013-07-01,10750990,1072961,1110,1.0,0.2304932735426009,0.0,Monday,July,27,6252338.571428572,6151519.7
2013-07-02,8936605,940849,1110,1.0,0.2304932735426009,0.0,Tuesday,July,27,6696449.142857143,6441468.4
2013-07-03,8416942,873625,1110,1.0,0.2304932735426009,0.0,Wednesday,July,27,7037698.714285715,6383866.833333333
2013-07-04,8458325,910326,1109,1.0,0.2304932735426009,0.0,Thursday,July,27,7335606.428571428,6381583.2
2013-07-05,8384512,916848,1111,1.0,0.2304932735426009,0.0,Friday,July,27,7444097.142857143,6404960.666666667
2013-07-06,5927036,691010,1111,0.0,0.12017937219730941,0.0,Saturday,July,27,7303799.285714285,6347639.6
2013-07-07,234369,44003,32,0.0,0.12017937219730941,0.0,Sunday,July,27,7301254.142857143,6089863.366666666
2013-07-08,6652999,808138,1111,0.0,0.3668161434977579,0.0,Monday,July,28,6715826.857142857,6111836.933333334
2013-07-09,6157174,752882,1112,0.0,0.3668161434977579,0.0,Tuesday,July,28,6318765.285714285,6309534.4
2013-07-10,6248496,751347,1112,0.0,0.3668161434977579,0.0,Wednesday,July,28,6008987.285714285,6295568.933333334
2013-07-11,6483182,772085,1112,0.0,0.3668161434977579,0.0,Thursday,July,28,5726824.0,6304960.833333333
2013-07-12,6699439,790991,1112,0.0,0.3668161434977579,0.0,Friday,July,28,5486099.285714285,6329574.666666667
2013-07-13,5987351,685630,1112,0.0,0.12017937219730941,0.0,Saturday,July,28,5494715.714285715,6327679.466666667
2013-07-14,253582,43412,32,0.0,0.12017937219730941,0.0,Sunday,July,28,5497460.428571428,6106550.6
2013-07-15,11484803,1090839,1113,1.0,0.5165919282511211,0.0,Monday,July,29,6187718.142857143,6284549.633333334
2013-07-16,9157994,933479,1113,1.0,0.5165919282511211,0.0,Tuesday,July,29,6616406.714285715,6582313.933333334
2013-07-17,8269168,871697,1113,1.0,0.5165919282511211,0.0,Wednesday,July,29,6905074.142857143,6518240.466666667
2013-07-18,8092686,876113,1113,1.0,0.5165919282511211,0.0,Thursday,July,29,7135003.285714285,6517987.133333334
2013-07-19,8376476,908361,1114,1.0,0.5165919282511211,0.0,Friday,July,29,7374580.0,6555744.433333334
2013-07-20,5941848,686036,1114,0.0,0.12017937219730941,0.0,Saturday,July,29,7368079.571428572,6508695.666666667
2013-07-21,235211,45099,32,0.0,0.12017937219730941,0.0,Sunday,July,29,7365455.142857143,6236326.7
2013-07-22,6285621,769064,1114,0.0,0.7730941704035874,0.0,Monday,July,30,6622714.857142857,6239533.633333334
2013-07-23,5767497,708902,1114,0.0,0.7730941704035874,0.0,Tuesday,July,30,6138358.142857143,6424296.6
2013-07-24,5966755,717449,1114,0.0,0.7730941704035874,0.0,Wednesday,July,30,5809442.0,6406148.033333333
2013-07-25,6065761,736248,1114,0.0,0.8385650224215246,0.0,Thursday,July,30,5519881.285714285,6414079.033333333
2013-07-26,6270667,744737,1114,0.0,0.8385650224215246,0.0,Friday,July,30,5219051.428571428,6422161.433333334
2013-07-27,5448670,633102,1114,0.0,0.12017937219730941,0.0,Saturday,July,30,5148597.428571428,6391351.4
2013-07-28,232442,42674,32,0.0,0.12017937219730941,0.0,Sunday,July,30,5148201.857142857,6144930.233333333
2013-07-29,11299276,1060574,1114,1.0,0.8385650224215246,0.0,Monday,July,31,5864438.285714285,6291268.733333333
2013-07-30,10064515,980897,1114,1.0,0.8385650224215246,0.0,Tuesday,July,31,6478298.0,6618346.4
2013-07-31,10293490,1012667,1114,1.0,1.0,0.0,Wednesday,July,31,7096403.0,6603096.4
2013-08-01,8783485,930162,1113,1.0,0.9748878923766816,0.0,Thursday,August,31,7484649.285714285,6597992.4
2013-08-02,8085626,876003,1113,1.0,0.9748878923766816,0.0,Friday,August,31,7743929.142857143,6586948.533333333
2013-08-03,6320830,715334,1113,0.0,0.12017937219730941,0.0,Saturday,August,31,7868523.428571428,6515698.7
2013-08-04,252848,44662,32,0.0,0.12017937219730941,0.0,Sunday,August,31,7871438.571428572,6244643.233333333
2013-08-05,7169893,851752,1113,0.0,0.7892376681614349,0.0,Monday,August,32,7281526.714285715,6286071.8
2013-08-06,6366382,769303,1113,0.0,0.7892376681614349,0.0,Tuesday,August,32,6753222.0,6490472.233333333
2013-08-07,6414477,766591,1113,0.0,0.7892376681614349,0.0,Wednesday,August,32,6199077.285714285,6482521.5
2013-08-08,6430437,770607,1106,0.0,0.7695067264573991,0.0,Thursday,August,32,5862927.571428572,6491630.266666667
2013-08-09,6589299,781132,1115,0.0,0.7695067264573991,0.0,Friday,August,32,5649166.571428572,6502990.366666666
2013-08-10,5881545,681555,1115,0.0,0.10044843049327354,0.0,Saturday,August,32,5586411.571428572,6482935.8
2013-08-11,243358,42451,32,0.0,0.10044843049327354,0.0,Sunday,August,32,5585055.857142857,6267733.1
2013-08-12,11137198,1095755,1115,1.0,0.7695067264573991,0.0,Monday,August,33,6151813.714285715,6439394.666666667
2013-08-13,9179490,950342,1115,1.0,0.7695067264573991,0.0,Tuesday,August,33,6553686.285714285,6736924.933333334
2013-08-14,8509505,909775,1115,1.0,0.7695067264573991,0.0,Wednesday,August,33,6852976.0,6637748.333333333
2013-08-15,7029537,790070,960,1.0,0.7695067264573991,0.16143497757847533,Thursday,August,33,6938561.714285715,6566799.766666667
2013-08-16,8137427,901419,1113,1.0,0.7695067264573991,0.0,Friday,August,33,7159722.857142857,6562408.4
2013-08-17,5584570,665213,1113,0.0,0.0,0.0,Saturday,August,33,7117297.857142857,6478804.533333333
2013-08-18,241793,42456,32,0.0,0.0,0.0,Sunday,August,33,7117074.285714285,6207648.433333334
2013-08-19,6391105,779212,1113,0.0,0.6331838565022422,0.0,Monday,August,34,6439061.0,6222623.666666667
2013-08-20,5989832,746497,1113,0.0,0.6331838565022422,0.0,Tuesday,August,34,5983395.571428572,6414444.366666666
2013-08-21,5696932,716191,1113,0.0,0.6331838565022422,0.0,Wednesday,August,34,5581599.428571428,6394821.4
2013-08-22,5759988,726355,1113,0.0,0.6331838565022422,0.0,Thursday,August,34,5400235.285714285,6394571.1
2013-08-23,6035936,746418,1113,0.0,0.6331838565022422,0.0,Friday,August,34,5100022.285714285,6396877.133333334
2013-08-24,5397910,647011,1111,0.0,0.0,0.0,Saturday,August,34,5073356.571428572,6374615.433333334
2013-08-25,225182,41185,32,0.0,0.0,0.0,Sunday,August,34,5070983.571428572,6173099.266666667
2013-08-26,10302422,1026494,1112,1.0,0.5336322869955157,0.0,Monday,August,35,5629743.142857143,6334891.0
2013-08-27,8397061,891739,1112,1.0,0.5336322869955157,0.0,Tuesday,August,35,5973633.0,6607044.966666667
2013-08-28,7838558,844061,1113,1.0,0.5336322869955157,0.0,Wednesday,August,35,6279579.571428572,6491687.7
2013-08-29,7970501,865299,1112,1.0,0.4834080717488789,0.0,Thursday,August,35,6595367.142857143,6421887.233333333
2013-08-30,9221577,971094,1114,1.0,0.4834080717488789,0.0,Friday,August,35,7050458.714285715,6386156.8
2013-08-31,6458023,728094,1113,0.0,0.0,0.0,Saturday,August,35,7201903.428571428,6308641.4
2013-09-01,250990,42368,33,0.0,0.0,0.0,Sunday,September,35,7205590.285714285,6047486.866666666
2013-09-02,6834913,817928,1112,0.0,0.4834080717488789,0.0,Monday,September,36,6710231.857142857,6064622.966666667
2013-09-03,6322579,780680,1110,0.0,0.4834080717488789,0.0,Tuesday,September,36,6413877.285714285,6266947.333333333
2013-09-04,5985810,749766,1110,0.0,0.22690582959641256,0.0,Wednesday,September,36,6149199.0,6227477.9
2013-09-05,5843845,736801,1110,0.0,0.22690582959641256,0.0,Thursday,September,36,5845391.0,6210060.0
2013-09-06,6121373,753490,1110,0.0,0.22690582959641256,0.0,Friday,September,36,5402504.714285715,6200289.866666666
2013-09-07,5795003,680941,1111,0.0,0.0,0.0,Saturday,September,36,5307787.571428572,6179108.733333333
2013-09-08,225500,39630,32,0.0,0.0,0.0,Sunday,September,36,5304146.142857143,5966982.1
2013-09-09,11058017,1059134,1111,1.0,0.16143497757847533,0.0,Monday,September,37,5907446.714285715,6139531.166666667
2013-09-10,8946722,909871,1111,1.0,0.16143497757847533,0.0,Tuesday,September,37,6282324.285714285,6429643.3
2013-09-11,8285894,871907,1112,1.0,0.16143497757847533,0.0,Wednesday,September,37,6610907.714285715,6334599.833333333
2013-09-12,8096007,880642,1112,1.0,0.0,0.0,Thursday,September,37,6932645.142857143,6298483.733333333
2013-09-13,8371696,915379,1113,1.0,0.0,0.0,Friday,September,37,7254119.857142857,6293890.1
2013-09-14,5894325,693776,1113,0.0,0.0,0.0,Saturday,September,37,7268308.714285715,6256049.7
2013-09-15,224076,39654,32,0.0,0.0,0.0,Sunday,September,37,7268105.285714285,5992271.333333333
2013-09-16,6130906,769479,1113,0.0,0.0,0.0,Monday,September,38,6564232.285714285,6010482.533333333
2013-09-17,5785061,733944,1113,0.0,0.0,0.0,Tuesday,September,38,6112566.428571428,6195258.133333334
2013-09-18,5438193,687725,1114,0.0,0.0,0.0,Wednesday,September,38,5705752.0,6163494.4
2013-09-19,5797033,734083,1114,0.0,0.0,0.0,Thursday,September,38,5377327.142857143,6157067.766666667
2013-09-20,6042768,743017,1114,0.0,0.0,0.0,Friday,September,38,5044623.142857143,6168595.633333334
2013-09-21,5745122,681199,1114,0.0,0.0,0.0,Saturday,September,38,5023308.428571428,6168100.1
2013-09-22,204164,36938,32,0.0,0.0,0.0,Sunday,September,38,5020463.857142857,5973707.7
2013-09-23,9449348,967001,1114,1.0,0.0,0.0,Monday,September,39,5494527.0,6108755.633333334
2013-09-24,7922441,858835,1114,1.0,0.0,0.0,Tuesday,September,39,5799867.0,6365330.933333334
2013-09-25,7390563,814577,1115,1.0,0.0,0.0,Wednesday,September,39,6078777.0,6268268.966666667
2013-09-26,7489318,826372,1115,1.0,0.0,0.0,Thursday,September,39,6320532.0,6238010.866666666
2013-09-27,8267396,896964,1115,1.0,0.0,0.0,Friday,September,39,6638336.0,6252305.466666667
2013-09-28,6245049,712937,1115,0.0,0.0,0.0,Saturday,September,39,6709754.142857143,6194790.4
2013-09-29,228875,40267,33,0.0,0.0,0.0,Sunday,September,39,6713284.285714285,5895033.666666667
2013-09-30,7660976,874726,1114,0.0,0.10762331838565023,0.0,Monday,September,40,6457802.571428572,5935132.1
2013-10-01,6677200,804037,1115,0.0,0.10762331838565023,0.0,Tuesday,October,40,6279911.0,6149339.1
2013-10-02,7168893,864349,1115,0.0,0.10762331838565023,0.0,Wednesday,October,40,6248243.857142857,6160471.766666667
2013-10-03,285518,48103,40,0.0,0.10762331838565023,1.0,Thursday,October,40,5219129.571428572,5959236.4
2013-10-04,8196635,945977,1115,0.0,0.2663677130044843,0.0,Friday,October,40,5209020.857142857,6032930.566666666
2013-10-05,6142021,706614,1115,0.0,0.019730941704035873,0.0,Saturday,October,40,5194302.571428572,6042869.766666667
2013-10-06,217293,38215,31,0.0,0.019730941704035873,0.0,Sunday,October,40,5192648.0,5846067.1
2013-10-07,11062400,1078134,1115,1.0,0.2663677130044843,0.0,Monday,October,41,5678565.714285715,6021647.0
2013-10-08,8949093,929711,1115,1.0,0.2663677130044843,0.0,Tuesday,October,41,6003121.857142857,6312433.433333334
2013-10-09,8089729,858684,1115,1.0,0.2663677130044843,0.0,Wednesday,October,41,6134669.857142857,6213490.5
2013-10-10,7809827,842255,1115,1.0,0.2663677130044843,0.0,Thursday,October,41,7209571.142857143,6175594.0
2013-10-11,8141538,867610,1115,1.0,0.2663677130044843,0.0,Friday,October,41,7201700.142857143,6170782.133333334
2013-10-12,6203651,709747,1115,0.0,0.019730941704035873,0.0,Saturday,October,41,7210504.428571428,6107703.6
2013-10-13,227064,39547,31,0.0,0.019730941704035873,0.0,Sunday,October,41,7211900.285714285,5836215.866666666
2013-10-14,6571405,796483,1115,0.0,0.2591928251121076,0.0,Monday,October,42,6570329.571428572,5858785.2
2013-10-15,5864402,712941,1115,0.0,0.2591928251121076,0.0,Tuesday,October,42,6129659.428571428,6046796.066666666
2013-10-16,5933839,728359,1115,0.0,0.2591928251121076,0.0,Wednesday,October,42,5821675.142857143,6040227.166666667
2013-10-17,5861163,719827,1115,0.0,0.2591928251121076,0.0,Thursday,October,42,5543294.571428572,6042763.9
2013-10-18,6319569,769390,1115,0.0,0.2591928251121076,0.0,Friday,October,42,5283013.285714285,6072143.1
2013-10-19,5868927,689293,1115,0.0,0.10044843049327354,0.0,Saturday,October,42,5235195.571428572,6074539.566666666
2013-10-20,208367,37774,31,0.0,0.10044843049327354,0.0,Sunday,October,42,5232524.571428572,5880059.533333333
2013-10-21,9833873,1007327,1115,1.0,0.5067264573991032,0.0,Monday,October,43,5698591.428571428,6016351.233333333
2013-10-22,7927560,864183,1115,1.0,0.5067264573991032,0.0,Tuesday,October,43,5993328.285714285,6273797.766666667
2013-10-23,7416700,816017,1115,1.0,0.5067264573991032,0.0,Wednesday,October,43,6205165.571428572,6206042.833333333
2013-10-24,7378657,833168,1115,1.0,0.5067264573991032,0.0,Thursday,October,43,6421950.428571428,6187916.7
2013-10-25,7589058,849316,1115,1.0,0.5067264573991032,0.0,Friday,October,43,6603306.0,6194533.2
2013-10-26,5744750,681333,1115,0.0,0.0,0.0,Saturday,October,43,6585566.428571428,6136380.933333334
2013-10-27,218159,39427,31,0.0,0.0,0.0,Sunday,October,43,6586965.285714285,5868073.033333333
2013-10-28,5831815,726542,1115,0.0,0.5829596412556054,0.0,Monday,October,44,6015242.714285715,5854298.566666666
2013-10-29,6145546,750236,1115,0.0,0.5829596412556054,0.0,Tuesday,October,44,5760669.285714285,6051520.933333334
2013-10-30,6970004,821116,1115,0.0,0.5829596412556054,0.0,Wednesday,October,44,5696855.571428572,6028488.533333333
2013-10-31,6807674,795543,951,0.0,0.5174887892376682,0.14977578475336323,Thursday,October,44,5615286.571428572,6032837.666666667
2013-11-01,3940492,475218,543,0.0,0.3560538116591928,0.5192825112107623,Friday,November,44,5094062.857142857,5925224.3
2013-11-02,7410509,813168,1115,0.0,0.0,0.0,Saturday,November,44,5332028.428571428,6162724.0
2013-11-03,175864,33251,18,0.0,0.0,0.0,Sunday,November,44,5325986.285714285,5895364.966666667
2013-11-04,10568398,1018154,1115,1.0,0.0,0.0,Monday,November,45,6002641.0,6042910.866666666
2013-11-05,9306571,952191,1115,1.0,0.0,0.0,Tuesday,November,45,6454216.0,6345886.8
2013-11-06,8224747,859106,1115,1.0,0.0,0.0,Wednesday,November,45,6633465.0,6251298.366666666
2013-11-07,7951819,857946,1115,1.0,0.0,0.0,Thursday,November,45,6796914.285714285,6218055.9
2013-11-08,8443830,911685,1115,1.0,0.0,0.0,Friday,November,45,7440248.285714285,6229859.266666667
2013-11-09,6566741,741586,1115,0.0,0.0,0.0,Saturday,November,45,7319710.0,6188423.066666666
2013-11-10,187852,34576,17,0.0,0.0,0.0,Sunday,November,45,7321422.571428572,5923300.2
2013-11-11,6423778,788493,1115,0.0,0.0,0.0,Monday,November,46,6729334.0,5930637.766666667
2013-11-12,6003149,732948,1115,0.0,0.0,0.0,Tuesday,November,46,6257416.571428572,6123173.933333334
2013-11-13,6028677,734978,1115,0.0,0.0,0.0,Wednesday,November,46,5943692.285714285,6105083.0
2013-11-14,6140303,739223,1115,0.0,0.0,0.0,Thursday,November,46,5684904.285714285,6114279.7
2013-11-15,6741987,790440,1115,0.0,0.0,0.0,Friday,November,46,5441783.857142857,6141217.966666667
2013-11-16,6605960,736692,1115,0.0,0.0,0.0,Saturday,November,46,5447386.571428572,6166044.533333333
2013-11-17,194615,34381,17,0.0,0.0,0.0,Sunday,November,46,5448352.714285715,5961879.4
2013-11-18,10528615,1035495,1115,1.0,0.0,0.0,Monday,November,47,6034758.0,6117202.333333333
2013-11-19,8895888,918755,1115,1.0,0.0,0.0,Tuesday,November,47,6448006.428571428,6406786.366666666
2013-11-20,7472513,787897,1040,1.0,0.0,0.06726457399103139,Wednesday,November,47,6654268.714285715,6328074.366666666
2013-11-21,8084449,870146,1115,1.0,0.0,0.0,Thursday,November,47,6932003.857142857,6333304.0
2013-11-22,8199106,886710,1115,1.0,0.0,0.0,Friday,November,47,7140163.714285715,6359384.2
2013-11-23,6593077,740157,1115,0.0,0.0,0.0,Saturday,November,47,7138323.285714285,6333198.2
2013-11-24,198110,34995,17,0.0,0.0,0.0,Sunday,November,47,7138822.571428572,6086833.266666667
2013-11-25,7204808,823195,1115,0.0,0.0,0.0,Monday,November,48,6663993.0,6135501.866666666
2013-11-26,6673704,777337,1115,0.0,0.0,0.0,Tuesday,November,48,6346538.142857143,6350686.7
2013-11-27,6725418,766804,1115,0.0,0.0,0.0,Wednesday,November,48,6239810.285714285,6380473.466666667
2013-11-28,7262197,813496,1115,0.0,0.0,0.0,Thursday,November,48,6122345.714285715,6417695.166666667
2013-11-29,8803269,926234,1115,0.0,0.0,0.0,Friday,November,48,6208654.714285715,6478804.0
2013-11-30,8614478,908611,1115,0.0,0.0,0.0,Saturday,November,48,6497426.285714285,6539030.8
2013-12-01,220033,37733,17,0.0,0.0,0.0,Sunday,December,48,6500558.142857143,6415015.5
2013-12-02,12972440,1199202,1115,1.0,0.0,0.0,Monday,December,49,7324505.571428572,6600413.2
2013-12-03,10915444,1051677,1115,1.0,0.0,0.0,Tuesday,December,49,7930468.428571428,6958399.2
2013-12-04,10203870,989019,1115,1.0,0.0,0.0,Wednesday,December,49,8427390.142857144,6946248.266666667
2013-12-05,10296749,995117,1115,1.0,0.0,0.0,Thursday,December,49,8860897.57142857,6979254.2
2013-12-06,8431475,881559,1115,1.0,0.0,0.0,Friday,December,49,8807784.142857144,6986145.133333334
2013-12-07,7231141,805445,1115,0.0,0.0,0.0,Saturday,December,49,8610164.57142857,6962122.533333333
2013-12-08,190125,34892,18,0.0,0.0,0.0,Sunday,December,49,8605892.0,6686999.033333333
2013-12-09,7607576,872942,1115,0.0,0.0,0.0,Monday,December,50,7839482.857142857,6721693.533333333
2013-12-10,7458243,857397,1115,0.0,0.0,0.0,Tuesday,December,50,7345597.0,6964039.9
2013-12-11,7364610,834467,1115,0.0,0.0,0.0,Wednesday,December,50,6939988.428571428,6995400.966666667
2013-12-12,7520198,850768,1115,0.0,0.0,0.0,Thursday,December,50,6543338.285714285,7045969.266666667
2013-12-13,8012317,887006,1115,0.0,0.0,0.0,Friday,December,50,6483458.571428572,7112090.6
2013-12-14,7938245,844563,1115,0.0,0.0,0.0,Saturday,December,50,6584473.428571428,7172022.0
2013-12-15,214032,36978,17,0.0,0.0,0.0,Sunday,December,50,6587888.714285715,6954423.5
2013-12-16,15623548,1340280,1115,1.0,0.0,0.0,Monday,December,51,7733027.571428572,7255009.766666667
2013-12-17,13053993,1198877,1115,1.0,0.0,0.0,Tuesday,December,51,8532420.42857143,7683655.7
2013-12-18,12189674,1158335,1115,1.0,0.0,0.0,Wednesday,December,51,9221715.285714285,7739024.333333333
2013-12-19,11740273,1154752,1115,1.0,0.025112107623318385,0.0,Thursday,December,51,9824583.142857144,7833837.166666667
2013-12-20,12334496,1219287,1115,1.0,0.025112107623318385,0.0,Friday,December,51,10442037.285714285,7995903.266666667
2013-12-21,10165366,1053248,1115,0.0,0.0,0.0,Saturday,December,51,10760197.42857143,8065267.166666667
2013-12-22,263979,41248,28,0.0,0.0,0.0,Sunday,December,51,10767332.714285715,7800762.933333334
2013-12-23,14350056,1518600,1115,0.0,1.0,0.0,Monday,December,52,10585405.285714285,8059328.9
2013-12-24,5232808,580313,1115,0.0,1.0,0.0,Tuesday,December,52,9468093.142857144,8227152.166666667
2013-12-25,142585,24022,17,0.0,1.0,1.0,Wednesday,December,52,7747080.428571428,7991744.733333333
2013-12-26,188597,30762,19,0.0,1.0,1.0,Thursday,December,52,6096841.0,7775574.5
2013-12-27,8168568,937104,1115,0.0,1.0,0.0,Friday,December,52,5501708.428571428,7823679.5
2013-12-28,6726568,758154,1115,0.0,0.12017937219730941,0.0,Saturday,December,52,5010451.571428572,7805825.2
2013-12-29,226553,36760,25,0.0,0.12017937219730941,0.0,Sunday,December,52,5005105.0,7519934.666666667
2013-12-30,10192135,1117442,1115,0.0,1.0,0.0,Monday,December,1,4411116.285714285,7572523.233333333
2013-12-31,4534864,531392,1115,0.0,1.0,0.0,Tuesday,December,1,4311410.0,7716350.933333334
2014-01-01,118108,21925,18,0.0,1.0,1.0,Wednesday,January,1,4307913.285714285,7287873.2
2014-01-02,6980556,818375,1115,0.0,1.0,0.0,Thursday,January,1,5278193.142857143,7156710.266666667
2014-01-03,7024253,818253,1115,0.0,1.0,0.0,Friday,January,1,5114719.571428572,7050723.033333333
2014-01-04,6357259,723684,1115,0.0,0.10044843049327354,0.0,Saturday,January,1,5061961.142857143,6919406.7
2014-01-05,184905,32322,22,0.0,0.10044843049327354,0.0,Sunday,January,1,5056011.428571428,6644521.033333333
2014-01-06,8661727,834045,809,1.0,0.4959641255605381,0.2771300448430493,Monday,January,2,4837381.714285715,6692207.233333333
2014-01-07,10456932,1037300,1115,1.0,0.39282511210762333,0.0,Tuesday,January,2,5683391.428571428,7034434.133333334
2014-01-08,8643239,894254,1115,1.0,0.10044843049327354,0.0,Wednesday,January,2,6901267.285714285,7068956.233333333
2014-01-09,8016642,855056,1115,1.0,0.10044843049327354,0.0,Thursday,January,2,7049279.571428572,7087569.533333333
2014-01-10,8548672,916235,1115,1.0,0.10044843049327354,0.0,Friday,January,2,7267053.714285715,7127038.266666667
2014-01-11,6231179,709633,1112,0.0,0.0,0.0,Saturday,January,2,7249042.285714285,7084070.966666667
2014-01-12,175744,31433,17,0.0,0.0,0.0,Sunday,January,2,7247733.571428572,6822851.866666666
2014-01-13,6089929,758082,1112,0.0,0.0,0.0,Monday,January,3,6880333.857142857,6761241.333333333
2014-01-14,5785842,719948,1112,0.0,0.0,0.0,Tuesday,January,3,6213035.285714285,6946968.333333333
2014-01-15,5779426,708232,1111,0.0,0.0,0.0,Wednesday,January,3,5803919.142857143,6618830.933333334
2014-01-16,5720266,700350,1110,0.0,0.0,0.0,Thursday,January,3,5475865.428571428,6374373.366666666
2014-01-17,6332625,764681,1110,0.0,0.0,0.0,Friday,January,3,5159287.285714285,6179138.4
2014-01-18,6213031,711332,1110,0.0,0.0,0.0,Saturday,January,3,5156694.714285715,5994897.0
2014-01-19,175778,32218,17,0.0,0.0,0.0,Sunday,January,3,5156699.571428572,5589606.4
2014-01-20,10648819,1001444,1110,1.0,0.0,0.0,Monday,January,4,5807969.571428572,5605721.5
2014-01-21,8475207,851491,1110,1.0,0.0,0.0,Tuesday,January,4,6192164.571428572,5879429.1
2014-01-22,7970289,832078,1110,1.0,0.0,0.0,Wednesday,January,4,6505145.0,5666770.2
2014-01-23,7625568,816995,1110,1.0,0.0,0.0,Thursday,January,4,6777331.0,5746528.866666666
2014-01-24,7851977,841433,1112,1.0,0.0,0.0,Friday,January,4,6994381.285714285,6003508.6
2014-01-25,5986034,684990,1112,0.0,0.0,0.0,Saturday,January,4,6961953.142857143,6196756.5
2014-01-26,160153,30422,17,0.0,0.0,0.0,Sunday,January,4,6959721.0,5929809.333333333
2014-01-27,5689615,714492,1113,0.0,0.0,0.0,Monday,January,5,6251263.285714285,5895244.233333333
2014-01-28,5790602,719520,1113,0.0,0.0,0.0,Tuesday,January,5,5867748.285714285,6080712.533333333
2014-01-29,5809489,692939,1113,0.0,0.0,0.0,Wednesday,January,5,5559062.571428572,5934624.333333333
2014-01-30,6313068,744214,1113,0.0,0.019730941704035873,0.0,Thursday,January,5,5371562.571428572,5993897.8
2014-01-31,7935853,875811,1113,0.0,0.019730941704035873,0.0,Friday,January,5,5383544.857142857,6254489.3
2014-02-01,6934170,741526,1113,0.0,0.0,0.0,Saturday,February,5,5518992.857142857,6252943.1
2014-02-02,214940,36895,18,0.0,0.0,0.0,Sunday,February,5,5526819.571428572,6025966.0
2014-02-03,11757740,1099528,1113,1.0,0.13273542600896862,0.0,Monday,February,6,6393694.571428572,6205982.033333333
2014-02-04,9651472,968587,1113,1.0,0.13273542600896862,0.0,Tuesday,February,6,6945247.428571428,6521534.266666667
2014-02-05,8456987,874257,1113,1.0,0.13273542600896862,0.0,Wednesday,February,6,7323461.428571428,6514709.6
2014-02-06,8226263,887136,1113,1.0,0.13273542600896862,0.0,Thursday,February,6,7596775.0,6440353.966666667
2014-02-07,8075318,863398,1113,1.0,0.13273542600896862,0.0,Friday,February,6,7616698.571428572,6421423.266666667
2014-02-08,6387706,722556,1113,0.0,0.0,0.0,Saturday,February,6,7538632.285714285,6367125.4
2014-02-09,190226,35021,17,0.0,0.0,0.0,Sunday,February,6,7535101.714285715,6088510.533333333
2014-02-10,6451410,799112,1112,0.0,0.05022421524663677,0.0,Monday,February,7,6777054.571428572,6095851.566666666
2014-02-11,6056843,755240,1112,0.0,0.05022421524663677,0.0,Tuesday,February,7,6263536.142857143,6291888.2
2014-02-12,6046448,748447,1113,0.0,0.05022421524663677,0.0,Wednesday,February,7,5919173.428571428,6290438.833333333
2014-02-13,6180416,753399,1113,0.0,0.0,0.0,Thursday,February,7,5626909.571428572,6303591.3
2014-02-14,7086640,840906,1114,0.0,0.0,0.0,Friday,February,7,5485669.857142857,6347165.1
2014-02-15,6293698,718465,1114,0.0,0.0,0.0,Saturday,February,7,5472240.142857143,6366279.5
2014-02-16,190158,34894,17,0.0,0.0,0.0,Sunday,February,7,5472230.428571428,6161530.6
2014-02-17,10675316,1052877,1114,1.0,0.09955156950672646,0.0,Monday,February,8,6075645.571428572,6310273.433333334
2014-02-18,8708285,908533,1114,1.0,0.09955156950672646,0.0,Tuesday,February,8,6454423.0,6594690.333333333
2014-02-19,7855918,837033,1114,1.0,0.09955156950672646,0.0,Wednesday,February,8,6712918.714285715,6501593.633333334
2014-02-20,7738889,852829,1114,1.0,0.09955156950672646,0.0,Thursday,February,8,6935557.714285715,6477049.7
2014-02-21,7862313,856205,1115,1.0,0.09955156950672646,0.0,Friday,February,8,7046368.142857143,6473450.5
2014-02-22,6123882,708749,1114,0.0,0.0,0.0,Saturday,February,8,7022108.714285715,6423394.3
2014-02-23,185005,34851,18,0.0,0.0,0.0,Sunday,February,8,7021372.571428572,6167828.566666666
2014-02-24,6036002,770839,1114,0.0,0.06726457399103139,0.0,Monday,February,9,6358613.428571428,6169494.166666667
2014-02-25,5697449,725970,1114,0.0,0.06726457399103139,0.0,Tuesday,February,9,5928494.0,6354070.7
2014-02-26,5960448,740172,1114,0.0,0.06726457399103139,0.0,Wednesday,February,9,5657712.571428572,6363098.466666667
2014-02-27,6006428,726638,1113,0.0,0.06726457399103139,0.0,Thursday,February,9,5410218.142857143,6370292.666666667
2014-02-28,7874307,878227,1114,0.0,0.06726457399103139,0.0,Friday,February,9,5411931.571428572,6439119.933333334
2014-03-01,7088957,781917,1115,0.0,0.0,0.0,Saturday,March,9,5549799.428571428,6464982.9
2014-03-02,225564,39452,19,0.0,0.0,0.0,Sunday,March,9,5555593.571428572,6207973.266666667
2014-03-03,10254710,980471,1084,1.0,0.18654708520179372,0.0,Monday,March,10,6158266.142857143,6318657.933333334
2014-03-04,9211960,937072,1112,1.0,0.18654708520179372,0.0,Tuesday,March,10,6660339.142857143,6618558.6
2014-03-05,8802968,915031,1115,1.0,0.18654708520179372,0.0,Wednesday,March,10,7066413.428571428,6520066.2
2014-03-06,8444592,908176,1115,1.0,0.18654708520179372,0.0,Thursday,March,10,7414722.571428572,6479836.866666666
2014-03-07,8486290,923220,1115,1.0,0.18654708520179372,0.0,Friday,March,10,7502148.714285715,6480813.633333334
2014-03-08,6075937,715477,1115,0.0,0.0,0.0,Saturday,March,10,7357431.571428572,6409136.1
2014-03-09,187110,37147,20,0.0,0.0,0.0,Sunday,March,10,7351938.142857143,6146195.833333333
2014-03-10,6204784,778982,1112,0.0,0.025112107623318385,0.0,Monday,March,11,6773377.285714285,6140098.433333334
2014-03-11,5906003,740799,1112,0.0,0.025112107623318385,0.0,Tuesday,March,11,6301097.714285715,6330624.333333333
2014-03-12,5795093,723583,1113,0.0,0.025112107623318385,0.0,Wednesday,March,11,5871401.285714285,6308747.1
2014-03-13,5898902,733410,1111,0.0,0.025112107623318385,0.0,Thursday,March,11,5507731.285714285,6303482.4
2014-03-14,6447567,777216,1111,0.0,0.025112107623318385,0.0,Friday,March,11,5216485.142857143,6316853.033333333
2014-03-15,6310072,704305,1111,0.0,0.0,0.0,Saturday,March,11,5249933.0,6321174.9
2014-03-16,213125,38502,27,0.0,0.0,0.0,Sunday,March,11,5253649.428571428,6092057.733333333
2014-03-17,10311703,1024867,1111,1.0,0.0,0.0,Monday,March,12,5840352.142857143,6225991.233333333
2014-03-18,8426401,881600,1112,1.0,0.0,0.0,Tuesday,March,12,6200409.0,6500532.666666667
2014-03-19,7849900,843215,1112,1.0,0.0,0.0,Wednesday,March,12,6493952.857142857,6406352.133333334
2014-03-20,7179418,814730,1111,1.0,0.0,0.0,Thursday,March,12,6676883.714285715,6355389.9
2014-03-21,7681649,838189,1111,1.0,0.0,0.0,Friday,March,12,6853181.142857143,6349580.933333334
2014-03-22,6176931,705202,1109,0.0,0.0,0.0,Saturday,March,12,6834161.0,6297515.666666667
2014-03-23,217517,39261,30,0.0,0.0,0.0,Sunday,March,12,6834788.428571428,6042689.133333334
2014-03-24,6506590,779249,1109,0.0,0.0,0.0,Monday,March,13,6291200.857142857,6055446.066666666
2014-03-25,5909575,725439,1109,0.0,0.0,0.0,Tuesday,March,13,5931654.285714285,6246265.066666666
2014-03-26,5840946,706845,1110,0.0,0.0,0.0,Wednesday,March,13,5644660.857142857,6239763.2
2014-03-27,6024721,729455,1110,0.0,0.0,0.0,Thursday,March,13,5479704.142857143,6250672.266666667
2014-03-28,6822072,792762,1111,0.0,0.0,0.0,Friday,March,13,5356907.428571428,6279393.066666666
2014-03-29,6248819,707761,1112,0.0,0.0,0.0,Saturday,March,13,5367177.142857143,6287472.766666667
2014-03-30,207045,38245,30,0.0,0.0,0.0,Sunday,March,13,5365681.142857143,6031897.366666666
2014-03-31,12062933,1125153,1114,1.0,0.0,0.0,Monday,March,14,6159444.428571428,6197696.566666666
2014-04-01,9114237,946518,1114,1.0,0.0,0.0,Tuesday,April,14,6617253.285714285,6493985.666666667
2014-04-02,8314447,884087,1113,1.0,0.0,0.0,Wednesday,April,14,6970610.571428572,6429310.233333333
2014-04-03,8215262,886014,1113,1.0,0.019730941704035873,0.0,Thursday,April,14,7283545.0,6396086.966666667
2014-04-04,8575005,914152,1114,1.0,0.019730941704035873,0.0,Friday,April,14,7533964.0,6388488.2
2014-04-05,6560749,731475,1114,0.0,0.019730941704035873,0.0,Saturday,April,14,7578525.428571428,6325693.433333334
2014-04-06,223163,39945,32,0.0,0.019730941704035873,0.0,Sunday,April,14,7580828.0,6050255.866666666
2014-04-07,6624706,808791,1114,0.0,0.019730941704035873,0.0,Monday,April,15,6803938.428571428,6068548.166666667
2014-04-08,6248167,746392,1114,0.0,0.019730941704035873,0.0,Tuesday,April,15,6394499.857142857,6270583.4
2014-04-09,6410230,764528,1114,0.0,0.019730941704035873,0.0,Wednesday,April,15,6122468.857142857,6277431.6
2014-04-10,6524511,779628,1115,0.0,0.019730941704035873,0.0,Thursday,April,15,5880933.0,6298048.533333333
2014-04-11,6910251,813960,1115,0.0,0.019730941704035873,0.0,Friday,April,15,5643111.0,6335220.466666667
2014-04-12,6388099,726704,1115,0.0,0.019730941704035873,0.0,Saturday,April,15,5618446.714285715,6351527.033333333
2014-04-13,241475,42162,31,0.0,0.019730941704035873,0.0,Sunday,April,15,5621062.714285715,6144657.3
2014-04-14,11683139,1089929,1115,1.0,0.7721973094170403,0.0,Monday,April,16,6343696.0,6323759.533333333
2014-04-15,10668363,1041972,1115,1.0,0.7721973094170403,0.0,Tuesday,April,16,6975152.571428572,6672267.466666667
2014-04-16,10024850,1024616,1115,1.0,0.8753363228699551,0.0,Wednesday,April,16,7491526.857142857,6662705.7
2014-04-17,10357418,1109623,1115,1.0,0.8753363228699551,0.0,Thursday,April,16,8039085.0,6727072.933333334
2014-04-18,222365,38237,17,1.0,0.8923766816143498,1.0,Friday,April,16,7083672.714285715,6472821.766666667
2014-04-19,8428009,948290,1115,0.0,0.12017937219730941,0.0,Saturday,April,16,7375088.428571428,6514441.466666667
2014-04-20,186799,35030,32,0.0,0.12017937219730941,0.0,Sunday,April,16,7367277.571428572,6264613.133333334
2014-04-21,240988,43421,32,0.0,0.9246636771300448,1.0,Monday,April,17,5732684.571428572,6066748.366666666
2014-04-22,6971756,850700,1114,0.0,0.9246636771300448,0.0,Tuesday,April,17,5204597.857142857,6291889.666666667
2014-04-23,5997676,745429,1114,0.0,0.9049327354260089,0.0,Wednesday,April,17,4629287.285714285,6274925.866666666
2014-04-24,6039156,747952,1114,0.0,0.9049327354260089,0.0,Thursday,April,17,4012392.714285714,6279245.233333333
2014-04-25,6219955,760617,1114,0.0,0.9049327354260089,0.0,Friday,April,17,4869191.285714285,6291878.866666666
2014-04-26,5968493,687942,1114,0.0,0.0,0.0,Saturday,April,17,4517831.857142857,6290004.6
2014-04-27,219630,39223,32,0.0,0.0,0.0,Sunday,April,17,4522522.0,6069923.2
2014-04-28,10667908,1046696,1114,1.0,0.16053811659192826,0.0,Monday,April,18,6012082.0,6217226.166666667
2014-04-29,9457130,953790,1115,1.0,0.16053811659192826,0.0,Tuesday,April,18,6367135.428571428,6525562.333333333
2014-04-30,10841040,1097830,1115,1.0,0.16053811659192826,0.0,Wednesday,April,18,7059044.571428572,6484832.566666666
2014-05-01,238077,39554,20,1.0,0.16053811659192826,1.0,Thursday,May,18,6230319.0,6188960.566666666
2014-05-02,11310699,1141048,1114,1.0,0.262780269058296,0.0,Friday,May,18,6957568.142857143,6288835.633333334
2014-05-03,6850332,771104,1114,0.0,0.0,0.0,Saturday,May,18,7083545.142857143,6243337.966666667
2014-05-04,227506,40401,33,0.0,0.0,0.0,Sunday,May,18,7084670.285714285,5965088.0
2014-05-05,10797063,1067972,1115,1.0,0.0,0.0,Monday,May,19,7103121.0,6106298.466666667
2014-05-06,9073871,933440,1115,1.0,0.0,0.0,Tuesday,May,19,7048369.714285715,6401322.066666666
2014-05-07,8451824,878000,1114,1.0,0.0,0.0,Wednesday,May,19,6707053.142857143,6462226.0
2014-05-08,8356504,886932,1114,1.0,0.0,0.0,Thursday,May,19,7866828.428571428,6532503.9
2014-05-09,8722646,928988,1114,1.0,0.0,0.0,Friday,May,19,7497106.571428572,6609584.433333334
2014-05-10,6828031,775352,1114,0.0,0.0,0.0,Saturday,May,19,7493920.714285715,6619701.766666667
2014-05-11,242817,41961,32,0.0,0.0,0.0,Sunday,May,19,7496108.0,6397453.966666667
2014-05-12,6383523,780714,1114,0.0,0.0,0.0,Monday,May,20,6865602.285714285,6397301.433333334
2014-05-13,6128627,751507,1114,0.0,0.0,0.0,Tuesday,May,20,6444853.142857143,6593539.833333333
2014-05-14,6141038,744235,1114,0.0,0.0,0.0,Wednesday,May,20,6114740.857142857,6408803.133333334
2014-05-15,6252912,759575,1114,0.0,0.0,0.0,Thursday,May,20,5814227.714285715,6261621.433333334
2014-05-16,6515173,784919,1114,0.0,0.0,0.0,Friday,May,20,5498874.428571428,6144632.2
2014-05-17,6052688,700008,1114,0.0,0.0,0.0,Saturday,May,20,5388111.142857143,6001141.2
2014-05-18,234786,42078,32,0.0,0.0,0.0,Sunday,May,20,5386963.857142857,6001555.233333333
2014-05-19,10104320,1007594,1114,1.0,0.0,0.0,Monday,May,21,5918506.285714285,6057432.266666667
2014-05-20,8264365,883301,1113,1.0,0.0,0.0,Tuesday,May,21,6223611.714285715,6326684.466666667
2014-05-21,7727052,839270,1113,1.0,0.0,0.0,Wednesday,May,21,6450185.142857143,6576219.933333334
2014-05-22,7517793,833380,1113,1.0,0.0,0.0,Thursday,May,21,6630882.428571428,6594421.166666667
2014-05-23,8177009,875454,1113,1.0,0.0,0.0,Friday,May,21,6868287.571428572,6667065.6
2014-05-24,6130815,702044,1113,0.0,0.0,0.0,Saturday,May,21,6879448.571428572,6670120.9
2014-05-25,224097,41751,32,0.0,0.0,0.0,Sunday,May,21,6877921.571428572,6470258.966666667
2014-05-26,6489410,780164,1113,0.0,0.0,0.0,Monday,May,22,6361505.857142857,6487622.866666666
2014-05-27,6286135,734810,1113,0.0,0.0,0.0,Tuesday,May,22,6078901.571428572,6689839.7
2014-05-28,7944392,887635,1113,0.0,0.0,0.0,Wednesday,May,22,6109950.142857143,6599055.833333333
2014-05-29,292254,46904,31,0.0,0.0,1.0,Thursday,May,22,5077730.285714285,6293559.966666667
2014-05-30,9846892,1043166,1113,0.0,0.38026905829596414,0.0,Friday,May,22,5316285.0,6260421.7
2014-05-31,6880606,762489,1112,0.0,0.0,0.0,Saturday,May,22,5423398.0,6481839.333333333
2014-06-01,264670,45153,33,0.0,0.0,0.0,Sunday,June,22,5429194.142857143,6113638.366666666
2014-06-02,11662688,1107845,1112,1.0,0.05022421524663677,0.0,Monday,June,23,6168233.857142857,6274050.233333333
2014-06-03,9598519,966071,1112,1.0,0.05022421524663677,0.0,Tuesday,June,23,6641431.571428572,6586417.333333333
2014-06-04,8807342,902840,1113,1.0,0.05022421524663677,0.0,Wednesday,June,23,6764710.142857143,6520093.3
2014-06-05,8812312,914456,1113,1.0,0.05022421524663677,0.0,Thursday,June,23,7981861.285714285,6511374.666666667
2014-06-06,8857173,950044,1113,1.0,0.05022421524663677,0.0,Friday,June,23,7840472.857142857,6524886.3
2014-06-07,6731210,772417,1113,0.0,0.0,0.0,Saturday,June,23,7819130.571428572,6470709.833333333
2014-06-08,275989,50042,32,0.0,0.0,0.0,Sunday,June,23,7820747.571428572,6189154.6
2014-06-09,288181,52481,34,0.0,0.0,1.0,Monday,June,24,6195818.0,5971159.6
2014-06-10,7416071,862173,1113,0.0,0.5031390134529148,0.0,Tuesday,June,24,5884039.714285715,6210268.066666666
2014-06-11,6688764,778255,1113,0.0,0.22690582959641256,0.0,Wednesday,June,24,5581385.714285715,6220442.766666667
2014-06-12,6939204,814557,1113,0.0,0.22690582959641256,0.0,Thursday,June,24,5313798.857142857,6247462.0
2014-06-13,7068339,815619,1113,0.0,0.22690582959641256,0.0,Friday,June,24,5058251.142857143,6278372.033333333
2014-06-14,6574173,730605,1113,0.0,0.0,0.0,Saturday,June,24,5035817.285714285,6289080.733333333
2014-06-15,238273,41605,32,0.0,0.0,0.0,Sunday,June,24,5030429.285714285,6079850.733333333
2014-06-16,10692037,1026601,1113,1.0,0.22690582959641256,0.0,Monday,June,25,6516694.428571428,6234495.7
2014-06-17,9295150,946295,1113,1.0,0.22690582959641256,0.0,Tuesday,June,25,6785134.285714285,6536507.833333333
2014-06-18,9059505,953404,1113,1.0,0.22690582959641256,0.0,Wednesday,June,25,7123811.571428572,6501680.666666667
2014-06-19,3307766,386276,429,1.0,0.22690582959641256,0.6869955156950672,Thursday,June,25,6605034.714285715,6336460.7
2014-06-20,9683407,1005406,1113,1.0,0.22690582959641256,0.0,Friday,June,25,6978615.857142857,6401672.533333333
2014-06-21,6065789,700770,1113,0.0,0.0,0.0,Saturday,June,25,6905989.571428572,6353272.4
2014-06-22,230668,41392,32,0.0,0.0,0.0,Sunday,June,25,6904903.142857143,6088394.366666666
2014-06-23,6604967,802029,1112,0.0,0.0,0.0,Monday,June,26,6321036.0,6104199.433333334
2014-06-24,6040970,742058,1111,0.0,0.0,0.0,Tuesday,June,26,5856153.142857143,6298095.2
2014-06-25,5977803,718558,1111,0.0,0.0,0.0,Wednesday,June,26,5415910.0,6281041.633333334
2014-06-26,5802491,706020,1111,0.0,0.0,0.0,Thursday,June,26,5772299.285714285,6264920.166666667
2014-06-27,6910940,798397,1112,0.0,0.0,0.0,Friday,June,26,5376232.571428572,6230471.766666667
2014-06-28,6586535,716868,1112,0.0,0.0,0.0,Saturday,June,26,5450624.857142857,6440281.133333334
2014-06-29,257513,42236,32,0.0,0.0,0.0,Sunday,June,26,5454459.857142857,6120635.166666667
2014-06-30,13308602,1189439,1112,1.0,0.0,0.0,Monday,June,27,6412122.0,6334901.7
2014-07-01,8240050,849874,933,1.0,0.0,0.0,Tuesday,July,27,6726276.285714285,6600747.7
2014-07-02,7708595,812232,932,1.0,0.0,0.0,Wednesday,July,27,6973532.285714285,6468944.6
2014-07-03,7204662,795167,932,1.0,0.0,0.0,Thursday,July,27,7173842.428571428,6389149.366666666
2014-07-04,6518718,738258,931,1.0,0.0,0.0,Friday,July,27,7117810.714285715,6312861.9
2014-07-05,5377184,611223,932,0.0,0.0,0.0,Saturday,July,27,6945046.285714285,6198357.633333334
2014-07-06,241423,44139,31,0.0,0.0,0.0,Sunday,July,27,6942747.714285715,5911165.966666667
2014-07-07,6059587,733291,932,0.0,0.3058823529411765,0.0,Monday,July,28,5907174.142857143,5888778.533333333
2014-07-08,5119383,613274,932,0.0,0.3058823529411765,0.0,Tuesday,July,28,5461364.571428572,6050225.0
2014-07-09,4959489,594373,932,0.0,0.4042780748663102,0.0,Wednesday,July,28,5068635.142857143,6205935.266666667
2014-07-10,5729302,694278,932,0.0,0.43422459893048126,0.0,Thursday,July,28,4857869.428571428,6149709.633333334
2014-07-11,5791635,691330,932,0.0,0.43422459893048126,0.0,Friday,July,28,4754000.428571428,6119805.333333333
2014-07-12,5329624,606010,929,0.0,0.0,0.0,Saturday,July,28,4747206.142857143,6066152.666666667
2014-07-13,268130,44688,31,0.0,0.0,0.0,Sunday,July,28,4751021.428571428,5839479.033333333
2014-07-14,8607714,844792,927,1.0,0.5572192513368984,0.0,Monday,July,29,5115039.571428572,5907263.733333333
2014-07-15,7684994,788768,927,1.0,0.5572192513368984,0.0,Tuesday,July,29,5481555.428571428,6155487.766666667
2014-07-16,7177840,758629,927,1.0,0.5572192513368984,0.0,Wednesday,July,29,5798462.714285715,6038347.866666666
2014-07-17,6837176,745735,927,1.0,0.5572192513368984,0.0,Thursday,July,29,5956730.428571428,5956415.4
2014-07-18,6647315,735098,927,1.0,0.5572192513368984,0.0,Friday,July,29,6078970.428571428,5876009.066666666
2014-07-19,4689269,552395,927,0.0,0.0,0.0,Saturday,July,29,5987491.142857143,5922059.166666667
2014-07-20,248092,44706,31,0.0,0.0,0.0,Sunday,July,29,5984628.571428572,5607548.666666667
2014-07-21,5690785,670245,927,0.0,0.7358288770053476,0.0,Monday,July,30,5567924.428571428,5595048.533333333
2014-07-22,5274595,643305,927,0.0,0.7358288770053476,0.0,Tuesday,July,30,5223581.714285715,5763179.433333334
2014-07-23,5068787,618345,929,0.0,0.7358288770053476,0.0,Wednesday,July,30,4922288.428571428,5711973.433333334
2014-07-24,5179026,627028,930,0.0,0.7358288770053476,0.0,Thursday,July,30,4685409.857142857,5683241.966666667
2014-07-25,5493418,651507,931,0.0,0.7358288770053476,0.0,Friday,July,30,4520567.428571428,5667095.8
2014-07-26,4887412,568168,931,0.0,0.0,0.0,Saturday,July,30,4548873.571428572,5636593.166666667
2014-07-27,244638,44035,31,0.0,0.0,0.0,Sunday,July,30,4548380.142857143,5414383.1
2014-07-28,8536879,834087,931,1.0,0.8983957219251337,0.0,Monday,July,31,4954965.0,5479394.566666666
2014-07-29,7323566,748017,931,1.0,0.8983957219251337,0.0,Tuesday,July,31,5247675.142857143,5714929.666666667
2014-07-30,7468663,757515,931,1.0,0.8983957219251337,0.0,Wednesday,July,31,5590514.571428572,5520265.033333333
2014-07-31,8284756,838786,930,1.0,0.8802139037433155,0.0,Thursday,July,31,6034190.285714285,5521755.233333333
2014-08-01,7544719,802329,932,1.0,1.0,0.0,Friday,August,31,6327233.285714285,5516292.7
2014-08-02,5300445,603325,932,0.0,0.14331550802139037,0.0,Saturday,August,31,6386238.0,5452818.8
2014-08-03,273058,46410,31,0.0,0.14331550802139037,0.0,Sunday,August,31,6390298.0,5244630.133333334
2014-08-04,9062750,888967,932,1.0,1.0,0.0,Monday,August,32,6465422.428571428,5367482.333333333
2014-08-05,7530345,788799,932,1.0,1.0,0.0,Tuesday,August,32,6494962.285714285,5610446.4
2014-08-06,6709611,728267,932,1.0,1.0,0.0,Wednesday,August,32,6386526.285714285,5632113.866666666
2014-08-07,6772684,742333,932,1.0,1.0,0.0,Thursday,August,32,6170516.0,5687223.9
2014-08-08,6571862,728811,933,1.0,1.0,0.0,Friday,August,32,6031536.428571428,5740969.666666667
2014-08-09,4938926,576746,933,0.0,0.14331550802139037,0.0,Saturday,August,32,5979890.857142857,5714623.8
2014-08-10,249646,43391,31,0.0,0.14331550802139037,0.0,Sunday,August,32,5976546.285714285,5529890.833333333
2014-08-11,5850906,707753,933,0.0,1.0,0.0,Monday,August,33,5517711.428571428,5547266.9
2014-08-12,5281785,648622,933,0.0,1.0,0.0,Tuesday,August,33,5196488.571428572,5714388.733333333
2014-08-13,5149918,629234,933,0.0,1.0,0.0,Wednesday,August,33,4973675.285714285,5599128.866666666
2014-08-14,5395023,652227,933,0.0,1.0,0.0,Thursday,August,33,4776866.571428572,5522796.5
2014-08-15,5595129,662797,934,0.0,1.0,0.0,Friday,August,33,4637333.285714285,5470039.466666667
2014-08-16,5021534,583129,934,0.0,0.14331550802139037,0.0,Saturday,August,33,4649134.428571428,5409518.066666666
2014-08-17,255808,43116,31,0.0,0.14331550802139037,0.0,Sunday,August,33,4650014.714285715,5196467.833333333
2014-08-18,9250961,903752,934,1.0,1.0,0.0,Monday,August,34,5135736.857142857,5348524.233333333
2014-08-19,7698449,800967,934,1.0,1.0,0.0,Tuesday,August,34,5480974.571428572,5596869.466666667
2014-08-20,7022798,758733,934,1.0,0.6941176470588235,0.0,Wednesday,August,34,5748528.857142857,5641269.9
2014-08-21,6616202,738275,934,1.0,0.6641711229946524,0.0,Thursday,August,34,5922983.0,5685990.133333334
2014-08-22,6638319,740207,931,1.0,0.6641711229946524,0.0,Friday,August,34,6072010.142857143,5738307.866666666
2014-08-23,4958030,588340,930,0.0,0.14331550802139037,0.0,Saturday,August,34,6062938.142857143,5730941.333333333
2014-08-24,248837,42329,31,0.0,0.14331550802139037,0.0,Sunday,August,34,6061942.285714285,5556121.966666667
2014-08-25,5750763,709524,931,0.0,0.44278074866310163,0.0,Monday,August,35,5561914.0,5584900.333333333
2014-08-26,5056366,630404,931,0.0,0.44278074866310163,0.0,Tuesday,August,35,5184473.571428572,5745291.266666667
2014-08-27,5167298,646420,930,0.0,0.44278074866310163,0.0,Wednesday,August,35,4919402.142857143,5632971.9
2014-08-28,5355611,657559,930,0.0,0.44278074866310163,0.0,Thursday,August,35,4739317.714285715,5567373.4
2014-08-29,6562758,746394,928,0.0,0.44278074866310163,0.0,Friday,August,35,4728523.285714285,5537176.566666666
2014-08-30,5643050,633056,928,0.0,0.14331550802139037,0.0,Saturday,August,35,4826383.285714285,5449119.7
2014-08-31,274884,44235,31,0.0,0.14331550802139037,0.0,Sunday,August,35,4830104.285714285,5206791.866666666
2014-09-01,9737203,950038,928,1.0,0.3240641711229946,0.0,Monday,September,36,5399595.714285715,5354683.8
2014-09-02,7854744,816602,929,1.0,0.3240641711229946,0.0,Tuesday,September,36,5799364.0,5607406.666666667
2014-09-03,7170145,764960,929,1.0,0.3240641711229946,0.0,Wednesday,September,36,6085485.0,5544319.833333333
2014-09-04,6799830,750398,928,1.0,0.2641711229946524,0.0,Thursday,September,36,6291802.0,5519969.333333333
2014-09-05,6908744,764486,930,1.0,0.2641711229946524,0.0,Friday,September,36,6341228.571428572,5526607.1
2014-09-06,5010762,596300,930,0.0,0.023529411764705882,0.0,Saturday,September,36,6250901.714285715,5467876.366666666
2014-09-07,228115,40338,31,0.0,0.023529411764705882,0.0,Sunday,September,36,6244220.428571428,5256418.133333334
2014-09-08,5655302,702725,930,0.0,0.10160427807486631,0.0,Monday,September,37,5661091.714285715,5280297.333333333
2014-09-09,5259862,655524,929,0.0,0.10160427807486631,0.0,Tuesday,September,37,5290394.285714285,5447304.533333333
2014-09-10,5220667,644590,931,0.0,0.10160427807486631,0.0,Wednesday,September,37,5011897.428571428,5426296.566666666
2014-09-11,5288519,655480,932,0.0,0.07807486631016043,0.0,Thursday,September,37,4795995.857142857,5426521.033333333
2014-09-12,5479788,663022,932,0.0,0.07807486631016043,0.0,Friday,September,37,4591859.285714285,5437516.7
2014-09-13,5134569,600531,932,0.0,0.0,0.0,Saturday,September,37,4609546.0,5428834.9
2014-09-14,243543,41672,31,0.0,0.0,0.0,Sunday,September,37,4611750.0,5250448.7
2014-09-15,8724338,879241,932,1.0,0.0,0.0,Monday,September,38,5050183.714285715,5373875.5
2014-09-16,7191134,773733,932,1.0,0.0,0.0,Tuesday,September,38,5326079.714285715,5605053.033333333
2014-09-17,6513743,723242,932,1.0,0.0,0.0,Wednesday,September,38,5510804.857142857,5513812.433333334
2014-09-18,6397477,721411,932,1.0,0.0,0.0,Thursday,September,38,5669227.428571428,5470446.7
2014-09-19,6550530,740984,932,1.0,0.0,0.0,Friday,September,38,5822190.571428572,5454704.433333334
2014-09-20,4915671,589198,933,0.0,0.0,0.0,Saturday,September,38,5790919.428571428,5398020.066666666
2014-09-21,242302,41461,31,0.0,0.0,0.0,Sunday,September,38,5790742.142857143,5184819.5
2014-09-22,5277645,662419,934,0.0,0.0,0.0,Monday,September,39,5298357.428571428,5195473.333333333
2014-09-23,4977122,637445,933,0.0,0.0,0.0,Tuesday,September,39,4982070.0,5353082.833333333
2014-09-24,4805992,609887,934,0.0,0.0,0.0,Wednesday,September,39,4738105.571428572,5321590.466666667
2014-09-25,4969583,627718,934,0.0,0.0,0.0,Thursday,September,39,4534120.714285715,5318697.7
2014-09-26,5320736,651404,934,0.0,0.0,0.0,Friday,September,39,4358435.857142857,5323812.3
2014-09-27,4975386,589743,934,0.0,0.0,0.0,Saturday,September,39,4366966.571428572,5311138.133333334
2014-09-28,220642,39230,32,0.0,0.0,0.0,Sunday,September,39,4363872.285714285,5099734.266666667
2014-09-29,8548286,856532,934,1.0,0.0,0.0,Monday,September,40,4831106.714285715,5196575.466666667
2014-09-30,8893788,877635,934,1.0,0.0,0.0,Tuesday,September,40,5390630.428571428,5483872.266666667
2014-10-01,7702334,813279,935,1.0,0.0,0.0,Wednesday,October,40,5804393.571428572,5416043.3
2014-10-02,8155792,889705,934,1.0,0.0,0.0,Thursday,October,40,6259566.285714285,5426078.233333333
2014-10-03,307988,51331,39,1.0,0.0,1.0,Friday,October,40,5543459.428571428,5197339.666666667
2014-10-04,6426083,726851,934,0.0,0.0,0.0,Saturday,October,40,5750701.857142857,5184881.433333334
2014-10-05,225796,39187,30,0.0,0.0,0.0,Sunday,October,40,5751438.142857143,4962116.5
2014-10-06,9028634,903887,935,1.0,0.3443850267379679,0.0,Monday,October,41,5820059.285714285,5096045.566666666
2014-10-07,7332784,763609,935,1.0,0.3443850267379679,0.0,Tuesday,October,41,5597058.714285715,5332867.866666666
2014-10-08,6869767,732067,934,1.0,0.3443850267379679,0.0,Wednesday,October,41,5478120.571428572,5373350.033333333
2014-10-09,6816808,750548,935,1.0,0.3443850267379679,0.0,Thursday,October,41,5286837.142857143,5425248.233333333
2014-10-10,7047404,777828,935,1.0,0.3443850267379679,0.0,Friday,October,41,6249610.857142857,5486139.466666667
2014-10-11,5190193,608743,935,0.0,0.0,0.0,Saturday,October,41,6073055.142857143,5482861.933333334
2014-10-12,240423,40268,30,0.0,0.0,0.0,Sunday,October,41,6075144.714285715,5308216.433333334
2014-10-13,5445980,678351,935,0.0,0.49732620320855614,0.0,Monday,October,42,5563337.0,5318596.8
2014-10-14,5213744,656183,935,0.0,0.49732620320855614,0.0,Tuesday,October,42,5260617.0,5484270.166666667
2014-10-15,5110401,632354,935,0.0,0.49732620320855614,0.0,Wednesday,October,42,5009279.0,5363805.6
2014-10-16,5179446,639641,935,0.0,0.49732620320855614,0.0,Thursday,October,42,4775370.142857143,5296749.333333333
2014-10-17,5449686,668947,935,0.0,0.49732620320855614,0.0,Friday,October,42,4547124.714285715,5261280.766666667
2014-10-18,4945733,585152,935,0.0,0.0,0.0,Saturday,October,42,4512201.857142857,5212889.3
2014-10-19,204991,35357,30,0.0,0.0,0.0,Sunday,October,42,4507140.142857143,5001371.333333333
2014-10-20,8078830,841553,935,1.0,0.49411764705882355,0.0,Monday,October,43,4883261.571428572,5106809.966666667
2014-10-21,6677374,719784,935,1.0,0.49411764705882355,0.0,Tuesday,October,43,5092351.571428572,5321312.366666666
2014-10-22,6129832,673288,935,1.0,0.49411764705882355,0.0,Wednesday,October,43,5237984.571428572,5349718.6
2014-10-23,6463607,734282,935,1.0,0.49411764705882355,0.0,Thursday,October,43,5421436.142857143,5399268.1
2014-10-24,6523289,747373,935,1.0,0.49411764705882355,0.0,Friday,October,43,5574808.0,5456511.333333333
2014-10-25,4894704,583760,935,0.0,0.11978609625668449,0.0,Saturday,October,43,5567518.142857143,5454015.366666666
2014-10-26,219359,38947,30,0.0,0.11978609625668449,0.0,Sunday,October,43,5569570.714285715,5283969.466666667
2014-10-27,5508341,684089,935,0.0,0.5026737967914439,0.0,Monday,October,44,5202358.0,5301734.633333334
2014-10-28,5163755,640927,934,0.0,0.5026737967914439,0.0,Tuesday,October,44,4986126.714285715,5466505.066666666
2014-10-29,5285015,636348,935,0.0,0.5026737967914439,0.0,Wednesday,October,44,4865438.571428572,5357729.366666666
2014-10-30,6271893,734111,935,0.0,0.5026737967914439,0.0,Thursday,October,44,4838050.857142857,5270332.866666666
2014-10-31,6106412,707142,772,0.0,0.42459893048128344,0.1786096256684492,Friday,October,44,4778497.0,5217135.466666667
2014-11-01,3522395,405668,542,0.0,0.0,0.4267379679144385,Saturday,November,44,4582452.857142857,5062688.9
2014-11-02,213741,38010,17,0.0,0.0,0.0,Sunday,November,44,4581650.285714285,5059547.333333333
2014-11-03,9953793,958343,935,1.0,0.023529411764705882,0.0,Monday,November,45,5216714.857142857,5177137.666666667
2014-11-04,8181287,829606,935,1.0,0.023529411764705882,0.0,Tuesday,November,45,5647790.857142857,5442320.7
2014-11-05,7493001,777506,935,1.0,0.023529411764705882,0.0,Wednesday,November,45,5963217.428571428,5391132.933333334
2014-11-06,7184058,765939,935,1.0,0.023529411764705882,0.0,Thursday,November,45,6093526.714285715,5386175.4
2014-11-07,7298281,779203,935,1.0,0.023529411764705882,0.0,Friday,November,45,6263793.714285715,5400459.2
2014-11-08,5629423,640974,935,0.0,0.0,0.0,Saturday,November,45,6564797.714285715,5360879.7
2014-11-09,177774,31403,17,0.0,0.0,0.0,Sunday,November,45,6559659.571428572,5131892.033333333
2014-11-10,8095306,840079,935,1.0,0.0,0.0,Monday,November,46,6294161.428571428,5228729.133333334
2014-11-11,7083145,759736,935,1.0,0.0,0.0,Tuesday,November,46,6137284.0,5456819.866666666
2014-11-12,6686356,724061,935,1.0,0.0,0.0,Wednesday,November,46,6022049.0,5498165.733333333
2014-11-13,6750180,741568,935,1.0,0.0,0.0,Thursday,November,46,5960066.428571428,5549380.266666667
2014-11-14,7064885,770203,935,1.0,0.0,0.0,Friday,November,46,5926724.142857143,5614529.733333333
2014-11-15,5576429,632085,935,0.0,0.0,0.0,Saturday,November,46,5919153.571428572,5627762.5
2014-11-16,203453,35060,16,0.0,0.0,0.0,Sunday,November,46,5922822.0,5452888.066666666
2014-11-17,5849735,709733,935,0.0,0.0,0.0,Monday,November,47,5602026.142857143,5483021.466666667
2014-11-18,5367537,648585,935,0.0,0.0,0.0,Tuesday,November,47,5356939.285714285,5655106.333333333
2014-11-19,4888765,592324,860,0.0,0.0,0.08021390374331551,Wednesday,November,47,5100140.571428572,5548770.833333333
2014-11-20,5575878,668680,934,0.0,0.0,0.0,Thursday,November,47,4932383.142857143,5512054.3
2014-11-21,5816514,688304,935,0.0,0.0,0.0,Friday,November,47,4754044.428571428,5501610.366666666
2014-11-22,5522528,629622,935,0.0,0.0,0.0,Saturday,November,47,4746344.285714285,5470241.066666666
2014-11-23,198298,35099,16,0.0,0.0,0.0,Sunday,November,47,4745607.857142857,5259408.033333333
2014-11-24,9020315,890119,935,1.0,0.0,0.0,Monday,November,48,5198547.857142857,5396928.4
2014-11-25,7868758,806156,935,1.0,0.0,0.0,Tuesday,November,48,5555865.142857143,5651908.366666666
2014-11-26,7518283,771840,935,1.0,0.0,0.0,Wednesday,November,48,5931510.571428572,5718906.433333334
2014-11-27,7867510,803771,935,1.0,0.0,0.0,Thursday,November,48,6258886.571428572,5809031.6
2014-11-28,9172722,905259,935,1.0,0.0,0.0,Friday,November,48,6738344.857142857,5938621.833333333
2014-11-29,7305547,768690,935,0.0,0.0,0.0,Saturday,November,48,6993061.857142857,5973076.966666667
2014-11-30,242056,38606,17,0.0,0.0,0.0,Sunday,November,48,6999313.0,5777598.433333334
2014-12-01,10276971,965344,935,1.0,0.0,0.0,Monday,December,49,7178835.285714285,6002750.966666667
2014-12-02,8843822,865867,935,1.0,0.0,0.0,Tuesday,December,49,7318130.142857143,6290420.333333333
2014-12-03,8258019,812638,935,1.0,0.0,0.0,Wednesday,December,49,7423806.714285715,6233894.533333333
2014-12-04,8554042,847660,935,1.0,0.0,0.0,Thursday,December,49,7521882.714285715,6246319.7
2014-12-05,9801856,962959,935,1.0,0.0,0.0,Friday,December,49,7611759.0,6323281.533333333
2014-12-06,6479401,722727,935,0.0,0.0,0.0,Saturday,December,49,7493738.142857143,6299792.966666667
2014-12-07,196469,34630,16,0.0,0.0,0.0,Sunday,December,49,7487225.714285715,6063065.9
2014-12-08,6560015,756799,935,0.0,0.0,0.0,Monday,December,50,6956232.0,6094085.633333334
2014-12-09,6329729,727050,935,0.0,0.0,0.0,Tuesday,December,50,6597075.857142857,6299150.8
2014-12-10,5909802,669779,935,0.0,0.0,0.0,Wednesday,December,50,6261616.285714285,6226300.666666667
2014-12-11,6156944,695007,935,0.0,0.0,0.0,Thursday,December,50,5919173.714285715,6195427.3
2014-12-12,6501211,713276,935,0.0,0.0,0.0,Friday,December,50,5447653.0,6189255.8
2014-12-13,6779226,732197,935,0.0,0.0,0.0,Saturday,December,50,5490485.142857143,6190224.0
2014-12-14,218670,36629,16,0.0,0.0,0.0,Sunday,December,50,5493656.714285715,5962016.833333333
2014-12-15,12133381,1054956,935,1.0,0.0,0.0,Monday,December,51,6289851.857142857,6180581.9
2014-12-16,10621060,981596,935,1.0,0.0,0.0,Tuesday,December,51,6902899.142857143,6527835.466666667
2014-12-17,9483386,891212,935,1.0,0.0,0.0,Wednesday,December,51,7413411.142857143,6648957.166666667
2014-12-18,9808212,962561,935,1.0,0.0,0.0,Thursday,December,51,7935020.857142857,6796979.666666667
2014-12-19,9518489,931008,935,1.0,0.0,0.0,Friday,December,51,8366060.571428572,6951303.8
2014-12-20,7956411,817362,935,0.0,0.0,0.0,Saturday,December,51,8534229.857142856,7030654.9
2014-12-21,259248,40226,27,0.0,0.0,0.0,Sunday,December,51,8540026.714285715,6845412.7
2014-12-22,11007641,1130014,935,0.0,1.0,0.0,Monday,December,52,8379206.714285715,7028249.8
2014-12-23,10712124,1130310,935,0.0,1.0,0.0,Tuesday,December,52,8392215.857142856,7378710.666666667
2014-12-24,4612716,499900,935,0.0,1.0,0.0,Wednesday,December,52,7696405.857142857,7231790.7
2014-12-25,155386,24451,16,0.0,1.0,1.0,Thursday,December,52,6317430.714285715,6974678.3
2014-12-26,205238,32180,19,0.0,1.0,1.0,Friday,December,52,4986966.285714285,6730910.133333334
2014-12-27,5710292,654005,935,0.0,0.14331550802139037,0.0,Saturday,December,52,4666092.142857143,6659002.866666666
2014-12-28,218071,35244,23,0.0,0.14331550802139037,0.0,Sunday,December,52,4660209.714285715,6360514.5
2014-12-29,7291426,800123,935,0.0,1.0,0.0,Monday,December,1,4129321.8571428573,6360043.8
2014-12-30,7665743,830067,935,0.0,1.0,0.0,Tuesday,December,1,3694124.5714285714,6607500.033333333
2014-12-31,3895591,442847,935,0.0,1.0,0.0,Wednesday,December,1,3591678.1428571427,6394787.366666666
2015-01-01,130162,23049,18,0.0,1.0,0.967713004484305,Thursday,January,1,3588074.714285714,6104332.033333333
2015-01-02,7561431,833452,1115,0.0,1.0,0.0,Friday,January,1,4638959.428571428,6081112.433333334
2015-01-03,6150311,674126,1115,0.0,0.10044843049327354,0.0,Saturday,January,1,4701819.285714285,6000988.066666666
2015-01-04,197193,33860,22,0.0,0.10044843049327354,0.0,Sunday,January,1,4698836.714285715,5680832.633333334
2015-01-05,11303805,1086836,1115,1.0,0.8179372197309417,0.0,Monday,January,2,5272033.714285715,5841646.1
2015-01-06,6791481,705935,809,1.0,0.5210762331838565,0.2771300448430493,Tuesday,January,2,5147139.142857143,6061479.833333333
2015-01-07,8621857,875379,1115,1.0,0.13632286995515694,0.0,Wednesday,January,2,5822320.0,6130207.9
2015-01-08,7646645,787890,1115,1.0,0.10044843049327354,0.0,Thursday,January,2,6896103.285714285,6174105.1
2015-01-09,7945387,817211,1115,1.0,0.10044843049327354,0.0,Friday,January,2,6950954.142857143,6241957.933333334
2015-01-10,6277742,679177,1115,0.0,0.0,0.0,Saturday,January,2,6969158.571428572,6245984.533333333
2015-01-11,183367,31872,17,0.0,0.0,0.0,Sunday,January,2,6967183.428571428,6035389.733333333
2015-01-12,9840664,960598,1115,1.0,0.0,0.0,Monday,January,3,6758163.285714285,6137437.666666667
2015-01-13,8538569,877468,1115,1.0,0.0,0.0,Tuesday,January,3,7007747.285714285,6414767.633333334
2015-01-14,7881690,816263,1115,1.0,0.0,0.0,Wednesday,January,3,6902009.142857143,6273044.6
2015-01-15,7774935,818837,1115,1.0,0.0,0.0,Thursday,January,3,6920336.285714285,6178173.766666667
2015-01-16,8456148,896671,1115,1.0,0.0,0.0,Friday,January,3,6993302.142857143,6143932.5
2015-01-17,6525692,722888,1115,0.0,0.0,0.0,Saturday,January,3,7028723.571428572,6034515.166666667
2015-01-18,195778,33854,17,0.0,0.0,0.0,Sunday,January,3,7030496.571428572,5723758.133333334
2015-01-19,6386391,774440,1114,0.0,0.0,0.0,Monday,January,4,6537029.0,5671424.133333334
2015-01-20,5744162,703317,1114,0.0,0.0,0.0,Tuesday,January,4,6137828.0,5854254.6
2015-01-21,5882045,707483,1114,0.0,0.0,0.0,Wednesday,January,4,5852164.428571428,5683401.4
2015-01-22,5933913,710747,1114,0.0,0.0,0.0,Thursday,January,4,5589161.285714285,5524127.7
2015-01-23,6326166,741005,1114,0.0,0.0,0.0,Friday,January,4,5284878.142857143,5581242.7
2015-01-24,5811369,641657,1114,0.0,0.0,0.0,Saturday,January,4,5182832.0,5769775.466666667
2015-01-25,179028,31891,17,0.0,0.0,0.0,Sunday,January,4,5180439.142857143,5768901.8
2015-01-26,9401803,921416,1114,1.0,0.0,0.0,Monday,January,5,5611212.285714285,5891952.166666667
2015-01-27,8392342,861505,1114,1.0,0.0,0.0,Tuesday,January,5,5989523.714285715,6164427.866666666
2015-01-28,7930037,811962,1114,1.0,0.0,0.0,Wednesday,January,5,6282094.0,6185714.9
2015-01-29,8024066,823397,1114,1.0,0.0,0.0,Thursday,January,5,6580687.285714285,6197659.0
2015-01-30,9454954,934354,1114,1.0,0.0,0.0,Friday,January,5,7027657.0,6382971.1
2015-01-31,7354597,771941,1114,0.0,0.0,0.0,Saturday,January,5,7248118.142857143,6623785.6
2015-02-01,225556,37415,18,0.0,0.0,0.0,Sunday,February,5,7254765.0,6379256.433333334
2015-02-02,10291172,1008221,1114,1.0,0.18475336322869956,0.0,Monday,February,6,7381817.714285715,6517285.133333334
2015-02-03,8904680,908273,1114,1.0,0.18475336322869956,0.0,Tuesday,February,6,7455008.857142857,6807534.7
2015-02-04,8136074,846539,1113,1.0,0.16502242152466368,0.0,Wednesday,February,6,7484442.714285715,6701943.666666667
2015-02-05,7973916,845035,1114,1.0,0.16502242152466368,0.0,Thursday,February,6,7477278.428571428,6741358.166666667
2015-02-06,8439787,883368,1115,1.0,0.16502242152466368,0.0,Friday,February,6,7332254.571428572,6735289.166666667
2015-02-07,6594669,722983,1115,0.0,0.0,0.0,Saturday,February,6,7223693.428571428,6700223.3
2015-02-08,208209,36064,17,0.0,0.0,0.0,Sunday,February,6,7221215.285714285,6442317.366666666
2015-02-09,6477197,770619,1115,0.0,0.11748878923766816,0.0,Monday,February,7,6676361.714285715,6448965.866666666
2015-02-10,6345089,760174,1115,0.0,0.11748878923766816,0.0,Tuesday,February,7,6310705.857142857,6654356.6
2015-02-11,6393495,763412,1115,0.0,0.11748878923766816,0.0,Wednesday,February,7,6061766.0,6539450.966666667
2015-02-12,6151076,734474,1114,0.0,0.11748878923766816,0.0,Thursday,February,7,5801360.285714285,6459867.866666666
2015-02-13,7212357,831087,1115,0.0,0.11748878923766816,0.0,Friday,February,7,5626013.142857143,6437556.766666667
2015-02-14,6701361,746789,1115,0.0,0.0,0.0,Saturday,February,7,5641254.857142857,6401770.966666667
2015-02-15,217257,38100,18,0.0,0.0,0.0,Sunday,February,7,5642547.428571428,6127141.266666667
2015-02-16,9321996,886399,1083,1.0,0.22869955156950672,0.0,Monday,February,8,6048947.285714285,6220351.4
2015-02-17,8299474,838296,1111,1.0,0.22869955156950672,0.0,Tuesday,February,8,6328145.142857143,6490474.6
2015-02-18,8058390,839000,1112,1.0,0.22869955156950672,0.0,Wednesday,February,8,6565987.285714285,6546207.9
2015-02-19,8031173,851005,1113,1.0,0.22869955156950672,0.0,Thursday,February,8,6834572.571428572,6622441.6
2015-02-20,8094451,856296,1113,1.0,0.22869955156950672,0.0,Friday,February,8,6960586.0,6696188.466666667
2015-02-21,6290922,700363,1113,0.0,0.0,0.0,Saturday,February,8,6901951.857142857,6708088.766666667
2015-02-22,199419,35335,17,0.0,0.0,0.0,Sunday,February,8,6899403.571428572,6503863.866666666
2015-02-23,5984980,719140,1113,0.0,0.0,0.0,Monday,February,9,6422687.0,6509650.9
2015-02-24,6021986,728587,1113,0.0,0.0,0.0,Tuesday,February,9,6097331.571428572,6704416.166666667
2015-02-25,6028364,720287,1113,0.0,0.0,0.0,Wednesday,February,9,5807327.857142857,6591968.2
2015-02-26,6471718,754534,1113,0.0,0.0,0.0,Thursday,February,9,5584548.571428572,6527947.4
2015-02-27,7778945,835001,1113,0.0,0.0,0.0,Friday,February,9,5539476.285714285,6522911.0
2015-02-28,7421745,784585,1113,0.0,0.0,0.0,Saturday,February,9,5701022.428571428,6502833.633333334
2015-03-01,228942,38174,19,0.0,0.0,0.0,Sunday,March,9,5705240.0,6195299.9
2015-03-02,10933146,1038703,1113,1.0,0.025112107623318385,0.0,Monday,March,10,6412120.857142857,6314584.866666666
2015-03-03,9234921,924885,1113,1.0,0.025112107623318385,0.0,Tuesday,March,10,6871111.571428572,6614897.033333333
2015-03-04,8421680,862366,1113,1.0,0.025112107623318385,0.0,Wednesday,March,10,7213013.857142857,6552580.633333334
2015-03-05,8263354,872720,1113,1.0,0.025112107623318385,0.0,Thursday,March,10,7468961.857142857,6531203.1
2015-03-06,8504508,899465,1113,1.0,0.025112107623318385,0.0,Friday,March,10,7572613.714285715,6543484.233333333
2015-03-07,6565020,731761,1113,0.0,0.0,0.0,Saturday,March,10,7450224.428571428,6496521.033333333
2015-03-08,201341,37580,20,0.0,0.0,0.0,Sunday,March,10,7446281.428571428,6221906.166666667
2015-03-09,6765029,795201,1113,0.0,0.025112107623318385,0.0,Monday,March,11,6850836.142857143,6227584.833333333
2015-03-10,6211021,735968,1113,0.0,0.025112107623318385,0.0,Tuesday,March,11,6418850.428571428,6427678.566666666
2015-03-11,6272025,736261,1112,0.0,0.025112107623318385,0.0,Wednesday,March,11,6111756.857142857,6420839.5
2015-03-12,6376255,748692,1112,0.0,0.025112107623318385,0.0,Thursday,March,11,5842171.285714285,6421878.366666666
2015-03-13,6942094,784087,1112,0.0,0.025112107623318385,0.0,Friday,March,11,5618969.285714285,6440165.0
2015-03-14,6625997,712331,1113,0.0,0.0,0.0,Saturday,March,11,5627680.285714285,6455995.7
2015-03-15,244505,40284,30,0.0,0.0,0.0,Sunday,March,11,5633846.571428572,6223733.966666667
2015-03-16,10877344,1046420,1113,1.0,0.0,0.0,Monday,March,12,6221320.142857143,6362933.4
2015-03-17,8792886,907259,1113,1.0,0.0,0.0,Tuesday,March,12,6590158.0,6648787.7
2015-03-18,7993269,844906,1112,1.0,0.0,0.0,Wednesday,March,12,6836050.0,6604496.8
2015-03-19,8073881,857612,1113,1.0,0.0,0.0,Thursday,March,12,7078568.0,6596977.033333333
2015-03-20,8291098,873548,1114,1.0,0.0,0.0,Friday,March,12,7271282.857142857,6604733.966666667
2015-03-21,6398094,696550,1113,0.0,0.0,0.0,Saturday,March,12,7238725.285714285,6550298.0
2015-03-22,235852,40320,31,0.0,0.0,0.0,Sunday,March,12,7237489.142857143,6288344.7
2015-03-23,6788834,798640,1114,0.0,0.0,0.0,Monday,March,13,6653416.285714285,6304941.766666667
2015-03-24,6226359,741073,1114,0.0,0.0,0.0,Tuesday,March,13,6286769.571428572,6505839.766666667
2015-03-25,6073784,718390,1114,0.0,0.019730941704035873,0.0,Wednesday,March,13,6012557.428571428,6508799.9
2015-03-26,6362734,736748,1115,0.0,0.05560538116591928,0.0,Thursday,March,13,5768107.857142857,6520158.166666667
2015-03-27,7078009,786578,1115,0.0,0.05560538116591928,0.0,Friday,March,13,5594809.428571428,6555146.333333333
2015-03-28,6829093,733408,1115,0.0,0.019730941704035873,0.0,Saturday,March,13,5656380.714285715,6567058.833333333
2015-03-29,226242,37299,32,0.0,0.019730941704035873,0.0,Sunday,March,13,5655007.857142857,6315302.066666666
2015-03-30,12371453,1064757,1115,1.0,0.7542600896860987,0.0,Monday,March,14,6452524.857142857,6480292.333333333
2015-03-31,11222913,967655,1115,1.0,0.7542600896860987,0.0,Tuesday,March,14,7166318.285714285,6846758.033333333
2015-04-01,11102030,1032568,1115,1.0,0.8573991031390135,0.0,Wednesday,April,14,7884639.142857143,6852387.5
2015-04-02,11400447,1119146,1115,1.0,0.9748878923766816,0.0,Thursday,April,14,8604312.42857143,6924571.7
2015-04-03,242473,39490,17,1.0,0.9246636771300448,1.0,Friday,April,14,7627807.285714285,6651931.466666667
2015-04-04,9366558,985462,1115,0.0,0.12017937219730941,0.0,Saturday,April,14,7990302.285714285,6688704.933333334
2015-04-05,217211,36928,32,0.0,0.12017937219730941,0.0,Sunday,April,14,7989012.142857143,6412461.7
2015-04-06,272921,46082,32,0.0,0.9246636771300448,1.0,Monday,April,15,6260650.428571428,6202725.066666666
2015-04-07,7896155,912879,1115,0.0,0.9246636771300448,0.0,Tuesday,April,15,5785399.285714285,6459218.866666666
2015-04-08,6790649,791580,1115,0.0,0.9246636771300448,0.0,Wednesday,April,15,5169487.714285715,6460072.866666666
2015-04-09,6560475,778310,1112,0.0,0.9246636771300448,0.0,Thursday,April,15,4478063.142857143,6471721.333333333
2015-04-10,6669239,779693,1115,0.0,0.9246636771300448,0.0,Friday,April,15,5396172.571428572,6484961.8
2015-04-11,6445499,710360,1115,0.0,0.0,0.0,Saturday,April,15,4978878.428571428,6487269.933333334
2015-04-12,244956,41948,32,0.0,0.0,0.0,Sunday,April,15,4982842.0,6264032.0
2015-04-13,11075002,1043979,1115,1.0,0.1031390134529148,0.0,Monday,April,16,6525996.428571428,6412332.166666667
2015-04-14,9166055,916519,1115,1.0,0.1031390134529148,0.0,Tuesday,April,16,6707410.714285715,6709717.166666667
2015-04-15,8002511,836546,1113,1.0,0.1031390134529148,0.0,Wednesday,April,16,6880533.857142857,6613889.4
2015-04-16,8396675,873849,1115,1.0,0.1031390134529148,0.0,Thursday,April,16,7142848.142857143,6600682.366666666
2015-04-17,8738327,898600,1115,1.0,0.1031390134529148,0.0,Friday,April,16,7438432.142857143,6625517.633333334
2015-04-18,6569186,728846,1115,0.0,0.0,0.0,Saturday,April,16,7456101.714285715,6575361.133333334
2015-04-19,237342,42188,32,0.0,0.0,0.0,Sunday,April,16,7455014.0,6306902.6
2015-04-20,6588863,794027,1115,0.0,0.0,0.0,Monday,April,17,6814137.0,6313261.566666666
2015-04-21,6039464,739265,1115,0.0,0.0,0.0,Tuesday,April,17,6367481.142857143,6506715.3
2015-04-22,6082195,721392,1115,0.0,0.0,0.0,Wednesday,April,17,6093150.285714285,6483160.666666667
2015-04-23,6153519,733577,1115,0.0,0.0,0.0,Thursday,April,17,5772699.428571428,6480732.666666667
2015-04-24,6367560,755706,1115,0.0,0.0,0.0,Friday,April,17,5434018.428571428,6490525.2
2015-04-25,6305451,696241,1115,0.0,0.0,0.0,Saturday,April,17,5396342.0,6488615.766666667
2015-04-26,234093,40302,32,0.0,0.0,0.0,Sunday,April,17,5395877.857142857,6260485.233333333
2015-04-27,10605500,996696,1115,1.0,0.0,0.0,Monday,April,18,5969683.142857143,6386365.466666667
2015-04-28,9302980,909175,1114,1.0,0.0,0.0,Tuesday,April,18,6435899.714285715,6688923.4
2015-04-29,9517703,939254,1115,1.0,0.0,0.0,Wednesday,April,18,6926686.571428572,6593798.4
2015-04-30,11327847,1113383,1115,1.0,0.0,0.0,Thursday,April,18,7665876.285714285,6597296.2
2015-05-01,264231,42819,20,1.0,0.0,1.0,Friday,May,18,6793972.142857143,6236036.233333333
2015-05-02,8764984,915373,1115,0.0,0.0,0.0,Saturday,May,18,7145334.0,6148187.466666667
2015-05-03,249207,42447,33,0.0,0.0,0.0,Sunday,May,18,7147493.142857143,6148411.933333334
2015-05-04,10995906,1065526,1114,1.0,0.0,0.0,Monday,May,19,7203265.428571428,6202723.533333333
2015-05-05,8778928,886062,1113,1.0,0.0,0.0,Tuesday,May,19,7128400.857142857,6488114.1
2015-05-06,8633577,879193,1113,1.0,0.0,0.0,Wednesday,May,19,7002097.142857143,6766802.633333334
2015-05-07,8550616,887351,1114,1.0,0.0,0.0,Thursday,May,19,6605349.857142857,6788618.0
2015-05-08,8665512,913318,1114,1.0,0.0,0.0,Friday,May,19,7805532.857142857,6851113.433333334
2015-05-09,7157061,779642,1114,0.0,0.0,0.0,Saturday,May,19,7575829.571428572,6870999.633333334
2015-05-10,251720,42202,32,0.0,0.0,0.0,Sunday,May,19,7576188.571428572,6657082.333333333
2015-05-11,6732629,800067,1114,0.0,0.025112107623318385,0.0,Monday,May,20,6967149.0,6666653.333333333
2015-05-12,6686277,782603,1114,0.0,0.025112107623318385,0.0,Tuesday,May,20,6668198.857142857,6881364.033333333
2015-05-13,8147927,924442,1114,0.0,0.025112107623318385,0.0,Wednesday,May,20,6598820.285714285,6783794.866666666
2015-05-14,289247,47393,32,0.0,0.025112107623318385,1.0,Thursday,May,20,5418624.714285715,6487901.266666667
2015-05-15,8596524,938343,1115,0.0,0.38026905829596414,0.0,Friday,May,20,5408769.285714285,6507701.7
2015-05-16,6497847,709961,1115,0.0,0.0,0.0,Saturday,May,20,5314595.857142857,6444407.433333334
2015-05-17,255680,43701,32,0.0,0.0,0.0,Sunday,May,20,5315161.571428572,6161652.533333333
2015-05-18,10603240,1025750,1115,1.0,0.05022421524663677,0.0,Monday,May,21,5868106.0,6296121.0
2015-05-19,8925994,899009,1115,1.0,0.05022421524663677,0.0,Tuesday,May,21,6188065.571428572,6585742.733333333
2015-05-20,8355497,850503,1115,1.0,0.05022421524663677,0.0,Wednesday,May,21,6217718.428571428,6644630.533333333
2015-05-21,8228411,861101,1115,1.0,0.05022421524663677,0.0,Thursday,May,21,7351884.714285715,6717595.433333334
2015-05-22,8352281,882255,1115,1.0,0.05022421524663677,0.0,Friday,May,21,7316992.857142857,6793264.966666667
2015-05-23,6773815,740456,1115,0.0,0.0,0.0,Saturday,May,21,7356416.857142857,6813941.5
2015-05-24,261385,43987,32,0.0,0.0,0.0,Sunday,May,21,7357231.857142857,6610402.333333333
2015-05-25,299473,49127,33,0.0,0.0,1.0,Monday,May,22,5885265.142857143,6410203.066666666
2015-05-26,7776413,873761,1115,0.0,0.5856502242152466,0.0,Tuesday,May,22,5721039.285714285,6661613.733333333
2015-05-27,6876443,778621,1115,0.0,0.22690582959641256,0.0,Wednesday,May,22,5509745.857142857,6537311.833333333
2015-05-28,6974793,780710,1115,0.0,0.22690582959641256,0.0,Thursday,May,22,5330657.571428572,6459705.6
2015-05-29,8372820,886423,1115,0.0,0.22690582959641256,0.0,Friday,May,22,5333591.714285715,6421542.833333333
2015-05-30,7546769,776523,1115,0.0,0.0,0.0,Saturday,May,22,5444013.714285715,6295506.9
2015-05-31,278690,45179,32,0.0,0.0,0.0,Sunday,May,22,5446485.857142857,6295988.866666666
2015-06-01,11743615,1075005,1115,1.0,0.22690582959641256,0.0,Monday,June,23,7081363.285714285,6395276.566666666
2015-06-02,9925193,956819,1115,1.0,0.22690582959641256,0.0,Tuesday,June,23,7388331.857142857,6717809.433333334
2015-06-03,9731791,971728,1114,1.0,0.22690582959641256,0.0,Wednesday,June,23,7796238.714285715,6675672.266666667
2015-06-04,3534231,398780,432,1.0,0.22690582959641256,0.6869955156950672,Thursday,June,23,7304729.857142857,6500849.033333333
2015-06-05,9724893,984452,1115,1.0,0.22690582959641256,0.0,Friday,June,23,7497883.142857143,6537226.233333333
2015-06-06,6478518,714799,1115,0.0,0.0,0.0,Saturday,June,23,7345275.857142857,6468156.3
2015-06-07,262497,45460,33,0.0,0.0,0.0,Sunday,June,23,7342962.571428572,6188055.8
2015-06-08,7366781,830740,1115,0.0,0.0,0.0,Monday,June,24,6717700.571428572,6195046.466666667
2015-06-09,6865990,781538,1115,0.0,0.0,0.0,Tuesday,June,24,6280671.571428572,6415522.133333334
2015-06-10,6524741,752884,1115,0.0,0.0,0.0,Wednesday,June,24,5822521.571428572,6408592.533333333
2015-06-11,6553081,766056,1115,0.0,0.0,0.0,Thursday,June,24,6253785.857142857,6404152.666666667
2015-06-12,6606431,765201,1114,0.0,0.0,0.0,Friday,June,24,5808291.285714285,6352769.466666667
2015-06-13,6510261,705240,1114,0.0,0.0,0.0,Saturday,June,24,5812826.0,6560136.6
2015-06-14,269533,45271,32,0.0,0.0,0.0,Sunday,June,24,5813831.142857143,6282570.233333333
2015-06-15,11570100,1059425,1114,1.0,0.0,0.0,Monday,June,25,6414305.285714285,6451645.333333333
2015-06-16,9636747,938541,1114,1.0,0.0,0.0,Tuesday,June,25,6810127.714285715,6764347.566666666
2015-06-17,8618478,869642,1114,1.0,0.0,0.0,Wednesday,June,25,7109233.0,6698188.833333333
2015-06-18,8191358,840098,1114,1.0,0.0,0.0,Thursday,June,25,7343272.571428572,6673700.966666667
2015-06-19,8458252,870773,1114,1.0,0.0,0.0,Friday,June,25,7607818.428571428,6677126.133333334
2015-06-20,6390661,699305,1114,0.0,0.0,0.0,Saturday,June,25,7590732.714285715,6615867.8
2015-06-21,249849,42139,32,0.0,0.0,0.0,Sunday,June,25,7587920.714285715,6345786.733333333
2015-06-22,6552538,753428,1114,0.0,0.0,0.0,Monday,June,26,6871126.142857143,6338410.833333333
2015-06-23,6292372,732852,1114,0.0,0.0,0.0,Tuesday,June,26,6393358.285714285,6539443.733333333
2015-06-24,6257424,731349,1114,0.0,0.0,0.0,Wednesday,June,26,6056064.857142857,6738042.1
2015-06-25,6211764,732294,1114,0.0,0.0,0.0,Thursday,June,26,5773265.714285715,6685887.133333334
2015-06-26,6634687,760594,1115,0.0,0.0,0.0,Friday,June,26,5512756.428571428,6677828.6
2015-06-27,6538314,698346,1115,0.0,0.0,0.0,Saturday,June,26,5533849.714285715,6663279.3
2015-06-28,262669,44422,32,0.0,0.0,0.0,Sunday,June,26,5535681.142857143,6392940.933333334
2015-06-29,11916672,1049017,1115,1.0,0.25650224215246636,0.0,Monday,June,27,6301986.0,6538604.366666666
2015-06-30,11483932,1028931,1115,1.0,0.25650224215246636,0.0,Tuesday,June,27,7043637.428571428,6912112.433333334
2015-07-01,8989672,894404,1115,1.0,0.25650224215246636,0.0,Wednesday,July,27,7433958.571428572,6820314.333333333
2015-07-02,8446293,864389,1114,1.0,0.25650224215246636,0.0,Thursday,July,27,7753177.0,6771017.666666667
2015-07-03,8530388,874644,1114,1.0,0.25650224215246636,0.0,Friday,July,27,8023991.428571428,6730970.9
2015-07-04,6054276,667899,1114,0.0,0.0,0.0,Saturday,July,27,7954843.142857143,6814972.4
2015-07-05,269248,47757,33,0.0,0.0,0.0,Sunday,July,27,7955783.0,6499784.233333333
2015-07-06,7540473,847590,1114,0.0,0.25650224215246636,0.0,Monday,July,28,7330611.714285715,6535182.733333333
2015-07-07,6393024,743604,1114,0.0,0.25650224215246636,0.0,Tuesday,July,28,6603339.142857143,6739533.633333334
2015-07-08,6915625,771409,1114,0.0,0.25650224215246636,0.0,Wednesday,July,28,6307046.714285715,6724495.1
2015-07-09,6938182,783525,1114,0.0,0.25650224215246636,0.0,Thursday,July,28,6091602.285714285,6726901.5
2015-07-10,7064909,798748,1114,0.0,0.25650224215246636,0.0,Friday,July,28,5882248.142857143,6744907.1
2015-07-11,6262022,689285,1113,0.0,0.0,0.0,Saturday,July,28,5911926.142857143,6735205.133333334
2015-07-12,277047,45392,32,0.0,0.0,0.0,Sunday,July,28,5913040.285714285,6524225.666666667
2015-07-13,10841267,1004988,1113,1.0,0.4062780269058296,0.0,Monday,July,29,6384582.285714285,6668592.533333333
2015-07-14,9340405,912004,1113,1.0,0.4062780269058296,0.0,Tuesday,July,29,6805636.714285715,6970954.933333334
2015-07-15,8756137,880247,1113,1.0,0.4062780269058296,0.0,Wednesday,July,29,7068567.0,6877156.166666667
2015-07-16,8373873,868234,1112,1.0,0.5139013452914798,0.0,Thursday,July,29,7273665.714285715,6835060.366666666
2015-07-17,7949337,833653,1112,1.0,0.5139013452914798,0.0,Friday,July,29,7400012.571428572,6812755.666666667
2015-07-18,6448982,699331,1113,0.0,0.0,0.0,Saturday,July,29,7426721.142857143,6754676.466666667
2015-07-19,298418,48005,32,0.0,0.0,0.0,Sunday,July,29,7429774.142857143,6482682.0
2015-07-20,7339321,822322,1113,0.0,0.6170403587443947,0.0,Monday,July,30,6929496.142857143,6514304.0
2015-07-21,6356482,738827,1113,0.0,0.6170403587443947,0.0,Tuesday,July,30,6503221.428571428,6717858.433333334
2015-07-22,6110388,710055,1113,0.0,0.6170403587443947,0.0,Wednesday,July,30,6125257.285714285,6703120.1
2015-07-23,6687068,760655,1113,0.0,0.6367713004484304,0.0,Thursday,July,30,5884285.142857143,6716276.633333334
2015-07-24,6601325,754252,1113,0.0,0.6367713004484304,0.0,Friday,July,30,5691712.0,6727740.0
2015-07-25,6021666,643434,1113,0.0,0.019730941704035873,0.0,Saturday,July,30,5630666.857142857,6721403.4
2015-07-26,285865,46990,32,0.0,0.019730941704035873,0.0,Sunday,July,30,5628873.571428572,6509776.0
2015-07-27,10707292,970462,1113,1.0,0.7730941704035874,0.0,Monday,July,31,6110012.285714285,6648741.933333334
2015-07-28,9115073,876092,1113,1.0,0.7730941704035874,0.0,Tuesday,July,31,6504096.714285715,6943822.066666666
2015-07-29,8499962,828524,1113,1.0,0.7730941704035874,0.0,Wednesday,July,31,6845464.428571428,6829931.733333333
2015-07-30,8798854,858547,1113,1.0,0.8385650224215246,0.0,Thursday,July,31,7147148.142857143,6740429.133333334
2015-07-31,10109742,968620,1113,1.0,0.8385650224215246,0.0,Friday,July,31,7648350.571428572,6777764.8
